ID,x0,y0,Label,Num channels,Feat0,Feat1,Feat2
0,0,400,None,3,80,125,65
1,0,1024,None,3,109,102,45
2,0,1679,None,3,108,149,60
3,1,458,None,3,96,183,76
4,1,636,None,3,102,183,78
5,1,653,None,3,107,182,86
6,1,741,None,3,105,171,72
7,1,1127,None,3,80,179,189
8,1,1211,None,3,131,70,115
9,1,1848,None,3,72,176,171
10,2,220,None,3,95,153,60
11,2,325,None,3,107,162,64
12,2,1085,None,3,105,149,97
13,2,1133,None,3,87,121,122
14,2,1244,None,3,71,68,251
15,2,1265,None,3,76,110,255
16,2,1369,None,3,98,70,138
17,2,1397,None,3,109,179,75
18,3,1251,None,3,82,131,201
19,3,1517,None,3,108,170,67
20,4,1864,None,3,107,176,102
21,4,1932,None,3,104,176,73
22,5,1284,None,3,83,154,102
23,5,1974,None,3,110,190,82
24,6,1169,None,3,76,95,105
25,6,1185,None,3,70,55,149
26,6,1221,None,3,90,148,178
27,7,425,None,3,109,189,88
28,7,1201,None,3,87,154,226
29,7,1305,None,3,85,128,96
30,8,239,None,3,104,180,89
31,8,379,None,3,86,160,69
32,8,897,None,3,104,173,107
33,9,1233,None,3,83,178,199
34,9,1262,None,3,82,170,223
35,10,948,None,3,107,168,76
36,10,1156,None,3,93,151,112
37,10,1228,None,3,89,172,218
38,10,1623,None,3,178,152,147
39,11,1279,None,3,85,131,172
40,11,2042,None,3,104,180,89
41,12,663,None,3,105,179,97
42,12,1198,None,3,87,140,207
43,12,1546,None,3,110,185,86
44,13,1139,None,3,93,145,99
45,13,2031,None,3,98,160,89
46,14,1092,None,3,72,151,152
47,14,1566,None,3,101,142,68
48,16,353,None,3,90,172,112
49,16,706,None,3,106,164,78
50,16,837,None,3,108,168,100
51,16,1526,None,3,104,141,90
52,17,453,None,3,109,177,78
53,17,1001,None,3,111,177,81
54,17,1117,None,3,79,68,165
55,17,1242,None,3,91,162,147
56,17,1261,None,3,29,43,162
57,18,1056,None,3,97,61,89
58,18,1111,None,3,84,161,167
59,18,1208,None,3,90,153,122
60,19,905,None,3,108,193,122
61,19,1160,None,3,91,147,87
62,19,1187,None,3,84,162,178
63,19,1227,None,3,85,171,212
64,20,1126,None,3,83,152,139
65,20,1267,None,3,81,152,213
66,20,1286,None,3,87,146,208
67,20,2000,None,3,89,153,93
68,21,271,None,3,0,0,255
69,22,9,None,3,76,57,148
70,22,1308,None,3,89,164,94
71,23,1194,None,3,83,167,159
72,23,1635,None,3,95,168,98
73,24,701,None,3,106,179,87
74,24,1063,None,3,89,163,94
75,24,1107,None,3,38,42,192
76,24,1202,None,3,93,146,115
77,24,1215,None,3,84,149,149
78,25,1179,None,3,88,146,140
79,26,933,None,3,55,93,152
80,26,1123,None,3,80,142,133
81,26,1132,None,3,90,145,138
82,26,1166,None,3,100,158,88
83,27,1938,None,3,109,173,61
84,28,734,None,3,108,184,101
85,28,1088,None,3,88,192,179
86,28,1242,None,3,95,168,136
87,28,1274,None,3,90,166,158
88,28,1283,None,3,87,156,154
89,30,6,None,3,98,158,112
90,30,801,None,3,99,150,68
91,30,817,None,3,106,180,100
92,30,1067,None,3,94,168,104
93,30,1202,None,3,96,149,109
94,30,1207,None,3,87,178,152
95,30,1356,None,3,100,142,63
96,30,1752,None,3,175,163,252
97,31,885,None,3,108,176,87
98,31,1194,None,3,84,154,126
99,31,1272,None,3,90,146,169
100,32,895,None,3,96,164,107
101,32,1017,None,3,171,139,133
102,32,1099,None,3,94,98,181
103,32,1162,None,3,98,158,103
104,32,1309,None,3,86,164,124
105,33,1128,None,3,91,149,116
106,34,405,None,3,100,156,100
107,34,1189,None,3,95,163,139
108,34,1296,None,3,108,61,110
109,35,1106,None,3,84,114,115
110,35,1277,None,3,85,155,169
111,36,891,None,3,101,167,92
112,36,1037,None,3,104,185,124
113,36,1080,None,3,87,151,177
114,36,1244,None,3,99,166,124
115,36,1578,None,3,104,177,112
116,36,1904,None,3,92,74,151
117,37,1124,None,3,91,166,138
118,37,1173,None,3,97,166,99
119,38,393,None,3,94,134,71
120,38,1157,None,3,91,141,81
121,39,871,None,3,108,171,84
122,39,925,None,3,105,164,71
123,39,1307,None,3,82,165,209
124,40,371,None,3,98,163,67
125,40,730,None,3,100,171,80
126,40,948,None,3,98,160,80
127,40,994,None,3,99,158,64
128,40,1150,None,3,85,178,212
129,40,1278,None,3,69,83,184
130,40,1523,None,3,138,106,182
131,40,1983,None,3,99,156,69
132,42,555,None,3,109,175,91
133,42,1080,None,3,89,172,183
134,42,1118,None,3,91,158,159
135,42,1141,None,3,84,139,144
136,43,738,None,3,110,176,72
137,44,57,None,3,64,75,117
138,44,1137,None,3,84,161,213
139,44,1296,None,3,80,87,164
140,45,857,None,3,108,178,87
141,45,876,None,3,108,169,75
142,45,1110,None,3,72,78,194
143,46,1212,None,3,95,156,118
144,46,1239,None,3,90,161,164
145,46,1264,None,3,100,72,135
146,47,723,None,3,90,99,114
147,47,1100,None,3,94,172,159
148,48,317,None,3,94,160,65
149,48,339,None,3,92,146,107
150,48,365,None,3,95,160,85
151,48,779,None,3,100,167,86
152,48,817,None,3,106,174,82
153,48,1088,None,3,76,71,176
154,48,1143,None,3,95,144,129
155,48,1286,None,3,34,63,194
156,49,1120,None,3,89,174,190
157,49,1166,None,3,95,161,88
158,49,1246,None,3,93,169,175
159,49,1265,None,3,78,63,130
160,50,379,None,3,113,108,98
161,50,704,None,3,105,60,117
162,50,1077,None,3,93,122,136
163,50,1277,None,3,97,106,132
164,50,1346,None,3,95,142,105
165,50,1887,None,3,109,187,96
166,51,1315,None,3,92,148,94
167,52,395,None,3,91,80,100
168,53,1134,None,3,87,147,150
169,54,390,None,3,84,134,116
170,54,685,None,3,95,153,64
171,54,1118,None,3,88,179,212
172,54,1182,None,3,90,175,105
173,54,1193,None,3,86,189,152
174,55,1251,None,3,93,123,165
175,56,1079,None,3,57,72,157
176,56,1230,None,3,92,187,230
177,56,1293,None,3,80,155,206
178,58,1039,None,3,90,154,85
179,58,1301,None,3,90,167,133
180,59,461,None,3,95,143,94
181,59,1198,None,3,99,151,91
182,60,13,None,3,77,44,118
183,60,319,None,3,89,178,116
184,60,825,None,3,87,145,96
185,60,1095,None,3,74,80,234
186,60,1126,None,3,85,108,192
187,60,1164,None,3,94,147,78
188,60,1267,None,3,87,147,246
189,61,701,None,3,107,152,74
190,61,1149,None,3,82,141,244
191,61,1239,None,3,95,125,100
192,62,376,None,3,72,151,107
193,62,1274,None,3,94,155,124
194,62,1282,None,3,94,170,145
195,63,1143,None,3,96,134,127
196,64,1172,None,3,81,157,128
197,64,1222,None,3,96,152,93
198,64,1231,None,3,80,112,84
199,64,1558,None,3,102,181,93
200,64,1870,None,3,4,141,172
201,65,1108,None,3,96,143,126
202,65,1122,None,3,82,154,192
203,65,1131,None,3,87,117,127
204,65,1268,None,3,92,109,140
205,65,1940,None,3,105,179,105
206,66,401,None,3,77,72,125
207,66,999,None,3,49,77,118
208,67,969,None,3,95,65,151
209,68,477,None,3,126,80,137
210,70,244,None,3,96,158,61
211,70,353,None,3,88,100,100
212,70,2000,None,3,114,80,66
213,71,601,None,3,90,157,68
214,72,1589,None,3,79,86,151
215,72,1989,None,3,107,101,71
216,73,1849,None,3,176,139,80
217,74,347,None,3,75,172,147
218,74,1560,None,3,54,89,156
219,76,958,None,3,104,179,104
220,76,1248,None,3,108,54,152
221,76,1303,None,3,87,167,252
222,77,1189,None,3,95,123,127
223,78,1138,None,3,90,158,127
224,79,555,None,3,110,182,79
225,80,971,None,3,99,175,102
226,80,1209,None,3,92,142,83
227,80,1291,None,3,37,62,155
228,80,1945,None,3,104,177,74
229,81,1187,None,3,84,164,166
230,82,643,None,3,114,63,127
231,82,1089,None,3,108,168,76
232,82,1273,None,3,97,105,204
233,84,1120,None,3,96,149,143
234,86,1193,None,3,94,133,92
235,86,1262,None,3,89,166,141
236,86,1287,None,3,91,141,161
237,86,1293,None,3,77,146,179
238,86,1930,None,3,102,190,103
239,88,439,None,3,118,67,132
240,88,1308,None,3,87,155,204
241,88,1995,None,3,85,163,108
242,89,1161,None,3,78,137,181
243,90,347,None,3,90,95,115
244,90,1243,None,3,90,119,110
245,90,1289,None,3,88,125,226
246,90,1299,None,3,82,171,183
247,91,1146,None,3,99,169,109
248,91,1259,None,3,93,165,133
249,91,1315,None,3,88,125,186
250,92,733,None,3,101,166,85
251,92,1015,None,3,107,168,76
252,92,1111,None,3,39,120,199
253,92,1138,None,3,83,170,140
254,94,899,None,3,103,181,116
255,94,1203,None,3,88,150,115
256,94,1208,None,3,79,136,122
257,94,1231,None,3,71,72,91
258,95,647,None,3,100,167,85
259,95,1196,None,3,86,140,104
260,95,1258,None,3,93,152,125
261,95,1345,None,3,98,175,92
262,96,288,None,3,91,142,92
263,96,717,None,3,85,123,147
264,96,768,None,3,95,88,133
265,96,1172,None,3,97,98,135
266,96,1178,None,3,96,131,186
267,96,1266,None,3,84,160,131
268,96,1411,None,3,106,178,197
269,98,638,None,3,91,146,121
270,98,1097,None,3,107,183,128
271,98,1168,None,3,98,99,147
272,100,2004,None,3,97,138,88
273,101,937,None,3,116,61,112
274,102,930,None,3,94,72,137
275,102,1253,None,3,93,171,123
276,103,1109,None,3,96,160,94
277,104,721,None,3,100,152,103
278,104,769,None,3,6,111,153
279,104,1180,None,3,86,127,164
280,104,1289,None,3,111,60,135
281,106,1132,None,3,47,68,246
282,106,1239,None,3,95,137,124
283,106,1327,None,3,88,56,149
284,108,1199,None,3,89,106,249
285,108,1270,None,3,93,95,175
286,108,1353,None,3,122,73,99
287,108,1930,None,3,69,73,159
288,109,999,None,3,99,166,100
289,110,1315,None,3,73,107,171
290,110,1874,None,3,154,102,85
291,111,578,None,3,110,187,99
292,111,821,None,3,111,199,100
293,112,983,None,3,105,155,96
294,112,1129,None,3,169,83,162
295,112,1168,None,3,90,136,115
296,112,1262,None,3,86,143,204
297,112,1340,None,3,173,131,119
298,113,791,None,3,142,64,122
299,113,1122,None,3,87,150,109
300,113,1916,None,3,98,132,82
301,114,1155,None,3,79,159,152
302,115,1210,None,3,94,118,98
303,116,291,None,3,98,164,93
304,116,733,None,3,98,179,130
305,116,1175,None,3,92,134,103
306,116,1295,None,3,107,110,165
307,117,1133,None,3,89,123,235
308,117,1161,None,3,99,167,134
309,118,261,None,3,69,106,99
310,118,335,None,3,100,186,135
311,118,825,None,3,107,190,107
312,118,1065,None,3,104,162,73
313,118,1257,None,3,92,109,170
314,119,577,None,3,108,171,94
315,119,770,None,3,98,165,79
316,119,1962,None,3,107,179,97
317,120,553,None,3,81,69,133
318,120,1113,None,3,98,155,96
319,120,1172,None,3,93,165,165
320,122,715,None,3,95,163,84
321,122,1359,None,3,65,58,134
322,123,991,None,3,99,161,83
323,123,1163,None,3,81,153,148
324,123,1189,None,3,92,172,136
325,124,605,None,3,100,153,99
326,124,1216,None,3,97,93,134
327,126,351,None,3,93,71,113
328,126,731,None,3,109,179,87
329,126,1136,None,3,94,136,112
330,126,1194,None,3,89,166,138
331,126,1225,None,3,70,104,183
332,127,1098,None,3,108,169,74
333,127,1145,None,3,74,87,252
334,127,1369,None,3,106,165,104
335,128,520,None,3,91,45,123
336,128,656,None,3,107,166,83
337,128,1211,None,3,82,127,102
338,128,1251,None,3,89,195,236
339,128,1261,None,3,83,160,213
340,129,1315,None,3,95,154,82
341,130,1133,None,3,94,156,126
342,130,1335,None,3,88,150,89
343,130,2007,None,3,110,190,89
344,131,1203,None,3,88,160,146
345,131,1238,None,3,79,129,195
346,131,1267,None,3,64,89,215
347,132,1127,None,3,83,115,128
348,132,1167,None,3,87,123,187
349,133,1026,None,3,82,71,167
350,133,1099,None,3,90,148,148
351,134,1052,None,3,90,150,113
352,135,723,None,3,108,168,70
353,135,959,None,3,108,183,88
354,136,312,None,3,96,148,75
355,136,1065,None,3,87,72,164
356,136,1204,None,3,82,140,151
357,136,1243,None,3,85,120,197
358,136,1862,None,3,153,105,110
359,137,821,None,3,107,175,102
360,138,437,None,3,102,184,93
361,138,467,None,3,106,186,108
362,138,644,None,3,107,178,90
363,138,661,None,3,92,170,103
364,138,1117,None,3,71,122,78
365,138,1181,None,3,63,64,254
366,139,1214,None,3,84,169,190
367,140,269,None,3,97,91,122
368,140,623,None,3,101,183,82
369,142,336,None,3,94,165,114
370,142,351,None,3,100,142,59
371,142,799,None,3,50,88,148
372,142,811,None,3,97,117,72
373,142,1205,None,3,82,96,191
374,142,1236,None,3,83,153,190
375,144,485,None,3,106,168,91
376,144,635,None,3,104,190,125
377,144,946,None,3,109,186,72
378,144,1190,None,3,97,35,252
379,144,1214,None,3,77,69,245
380,144,1229,None,3,87,91,252
381,145,510,None,3,111,167,83
382,146,321,None,3,45,55,100
383,147,656,None,3,109,175,75
384,148,686,None,3,82,110,141
385,148,770,None,3,89,92,103
386,150,1016,None,3,59,81,129
387,151,1005,None,3,100,145,64
388,152,297,None,3,97,79,125
389,152,624,None,3,101,84,139
390,152,1192,None,3,104,78,132
391,152,1203,None,3,62,111,198
392,152,1968,None,3,108,171,87
393,153,1829,None,3,109,182,75
394,154,632,None,3,80,106,79
395,154,1931,None,3,110,174,88
396,155,734,None,3,89,110,123
397,156,285,None,3,90,147,201
398,158,313,None,3,62,97,116
399,158,1183,None,3,100,168,114
400,159,990,None,3,104,180,90
401,159,1993,None,3,88,145,81
402,161,589,None,3,86,115,71
403,161,832,None,3,98,156,57
404,161,1151,None,3,0,0,255
405,162,432,None,3,99,164,77
406,162,972,None,3,110,173,55
407,162,1115,None,3,169,98,113
408,162,1231,None,3,137,128,124
409,162,1452,None,3,169,149,100
410,162,1844,None,3,108,181,71
411,163,1081,None,3,109,185,101
412,164,1381,None,3,108,181,93
413,166,1175,None,3,49,61,103
414,166,1297,None,3,95,149,100
415,167,453,None,3,106,188,116
416,168,489,None,3,61,74,124
417,170,1132,None,3,100,158,80
418,172,1976,None,3,115,89,84
419,175,419,None,3,92,170,106
420,175,613,None,3,80,147,102
421,176,525,None,3,97,152,68
422,177,1367,None,3,98,168,69
423,178,286,None,3,98,163,74
424,180,1309,None,3,103,166,74
425,181,346,None,3,96,152,55
426,182,771,None,3,106,166,68
427,183,309,None,3,108,176,72
428,183,1902,None,3,108,185,68
429,184,397,None,3,105,165,78
430,185,1269,None,3,141,157,110
431,186,593,None,3,84,86,108
432,186,1327,None,3,98,154,61
433,188,1348,None,3,97,143,85
434,188,1868,None,3,108,169,74
435,191,449,None,3,73,94,155
436,195,1130,None,3,105,168,76
437,196,1294,None,3,141,162,241
438,197,1171,None,3,108,158,68
439,200,624,None,3,86,56,124
440,201,236,None,3,38,125,154
441,202,641,None,3,100,169,88
442,206,629,None,3,87,64,132
443,207,1117,None,3,104,167,78
444,211,1830,None,3,110,173,72
445,212,295,None,3,105,166,70
446,212,1087,None,3,108,168,72
447,212,1901,None,3,108,178,79
448,213,282,None,3,106,172,73
449,214,342,None,3,86,107,148
450,214,675,None,3,14,102,118
451,214,1121,None,3,109,170,84
452,217,1163,None,3,108,188,106
453,218,1911,None,3,108,180,73
454,218,1972,None,3,109,173,73
455,220,1988,None,3,63,69,143
456,223,559,None,3,62,71,152
457,224,461,None,3,122,65,139
458,224,1133,None,3,110,54,134
459,224,1161,None,3,89,151,81
460,226,2014,None,3,99,56,156
461,228,315,None,3,66,97,186
462,228,406,None,3,84,107,79
463,228,471,None,3,97,152,117
464,231,370,None,3,100,151,72
465,232,287,None,3,94,146,67
466,234,1834,None,3,109,172,73
467,235,651,None,3,107,162,79
468,235,663,None,3,89,155,86
469,238,577,None,3,109,177,93
470,241,547,None,3,119,44,112
471,242,1143,None,3,103,167,71
472,244,294,None,3,97,147,59
473,244,353,None,3,99,138,85
474,244,639,None,3,96,83,142
475,245,1097,None,3,110,178,70
476,249,667,None,3,108,142,82
477,249,1997,None,3,109,177,94
478,250,198,None,3,65,57,115
479,251,462,None,3,109,179,89
480,251,502,None,3,97,177,101
481,252,1910,None,3,60,45,86
482,256,309,None,3,53,53,141
483,258,405,None,3,102,152,102
484,258,1895,None,3,92,156,72
485,259,2010,None,3,109,184,104
486,260,189,None,3,88,150,72
487,260,1970,None,3,106,171,82
488,261,733,None,3,112,185,45
489,262,519,None,3,90,80,141
490,262,2022,None,3,108,166,82
491,263,509,None,3,101,152,79
492,264,463,None,3,56,86,155
493,265,496,None,3,107,162,66
494,266,655,None,3,100,174,111
495,267,559,None,3,49,68,138
496,269,377,None,3,106,157,65
497,270,402,None,3,75,28,249
498,271,354,None,3,85,117,87
499,272,553,None,3,101,86,121
500,275,473,None,3,101,164,84
501,275,683,None,3,9,94,174
502,276,257,None,3,26,89,144
503,276,831,None,3,102,150,166
504,276,2026,None,3,100,175,131
505,279,651,None,3,137,121,133
506,279,1937,None,3,170,119,95
507,280,431,None,3,115,43,133
508,280,438,None,3,58,73,154
509,280,2045,None,3,108,184,93
510,281,1889,None,3,109,189,74
511,284,245,None,3,59,100,148
512,284,486,None,3,96,164,87
513,286,582,None,3,106,154,58
514,289,388,None,3,92,98,125
515,292,1372,None,3,98,66,111
516,292,1967,None,3,107,170,133
517,293,379,None,3,99,119,92
518,293,542,None,3,106,179,75
519,295,292,None,3,99,172,106
520,296,1362,None,3,99,158,107
521,298,602,None,3,82,106,101
522,299,1964,None,3,169,120,120
523,300,540,None,3,103,172,88
524,301,566,None,3,97,187,142
525,302,197,None,3,106,175,89
526,302,770,None,3,0,0,255
527,302,1381,None,3,110,179,78
528,304,279,None,3,31,69,134
529,304,535,None,3,94,133,69
530,305,301,None,3,109,173,95
531,305,383,None,3,84,52,189
532,306,361,None,3,74,64,123
533,307,1416,None,3,111,177,59
534,308,178,None,3,107,175,75
535,308,424,None,3,100,151,92
536,308,565,None,3,84,159,102
537,308,1354,None,3,109,178,86
538,309,453,None,3,76,101,166
539,310,387,None,3,71,77,250
540,310,2016,None,3,157,107,114
541,311,647,None,3,70,100,171
542,311,691,None,3,109,178,52
543,312,617,None,3,101,173,87
544,313,464,None,3,95,161,109
545,314,168,None,3,99,164,79
546,314,520,None,3,57,84,151
547,314,602,None,3,94,116,139
548,315,1954,None,3,107,180,86
549,316,593,None,3,93,148,75
550,316,1524,None,3,108,181,77
551,317,316,None,3,109,186,107
552,318,613,None,3,102,183,122
553,318,1389,None,3,83,70,117
554,320,622,None,3,89,167,122
555,320,1349,None,3,108,179,103
556,321,1306,None,3,109,194,110
557,322,179,None,3,106,169,74
558,322,1501,None,3,72,74,112
559,323,1985,None,3,175,138,117
560,324,159,None,3,90,48,122
561,324,251,None,3,94,163,104
562,324,475,None,3,114,37,149
563,324,486,None,3,93,147,93
564,324,654,None,3,98,150,87
565,325,492,None,3,84,156,104
566,325,609,None,3,98,163,79
567,326,1540,None,3,102,157,78
568,328,232,None,3,87,141,82
569,328,635,None,3,98,180,122
570,328,1441,None,3,109,181,82
571,330,1550,None,3,96,76,143
572,331,1399,None,3,108,152,97
573,331,1527,None,3,102,166,78
574,332,729,None,3,106,139,166
575,335,1340,None,3,100,151,72
576,335,1474,None,3,172,92,146
577,336,217,None,3,85,126,91
578,336,413,None,3,101,174,121
579,336,508,None,3,96,153,106
580,337,480,None,3,96,136,108
581,337,636,None,3,105,178,113
582,338,358,None,3,110,169,80
583,338,470,None,3,121,57,175
584,338,501,None,3,83,156,87
585,338,665,None,3,93,134,98
586,338,1400,None,3,110,48,146
587,340,35,None,3,97,171,77
588,340,294,None,3,103,173,103
589,340,340,None,3,107,176,105
590,341,1288,None,3,107,180,90
591,341,1558,None,3,77,91,179
592,343,486,None,3,101,153,117
593,343,655,None,3,63,64,134
594,343,1383,None,3,104,174,131
595,344,519,None,3,84,127,122
596,344,647,None,3,90,156,144
597,344,666,None,3,81,93,102
598,346,438,None,3,101,165,100
599,346,514,None,3,107,187,128
600,347,61,None,3,107,181,87
601,347,154,None,3,109,179,83
602,348,627,None,3,101,132,90
603,348,1346,None,3,91,107,136
604,348,1502,None,3,110,170,82
605,349,17,None,3,109,183,78
606,350,429,None,3,88,140,103
607,350,1465,None,3,100,137,99
608,350,1510,None,3,110,166,71
609,350,1901,None,3,103,170,80
610,350,2046,None,3,109,159,63
611,352,261,None,3,96,171,139
612,352,319,None,3,102,179,79
613,352,977,None,3,79,108,147
614,352,984,None,3,98,162,115
615,353,1572,None,3,100,179,101
616,354,447,None,3,102,134,110
617,354,550,None,3,130,61,137
618,354,647,None,3,49,56,127
619,354,1021,None,3,109,188,97
620,354,1464,None,3,75,50,175
621,355,1820,None,3,0,0,255
622,356,50,None,3,68,62,115
623,356,103,None,3,98,154,46
624,356,639,None,3,79,164,125
625,356,667,None,3,92,139,66
626,358,160,None,3,107,164,75
627,358,515,None,3,94,140,83
628,358,1359,None,3,98,173,156
629,359,1540,None,3,105,166,71
630,360,1030,None,3,107,171,87
631,360,1485,None,3,107,165,71
632,361,305,None,3,104,180,93
633,361,425,None,3,91,169,128
634,361,437,None,3,98,151,90
635,361,474,None,3,97,146,78
636,362,614,None,3,95,152,96
637,362,1194,None,3,42,42,255
638,362,1569,None,3,105,182,118
639,363,997,None,3,99,166,89
640,363,1246,None,3,84,94,167
641,363,1625,None,3,99,170,156
642,364,645,None,3,94,137,99
643,364,1230,None,3,107,181,110
644,364,1596,None,3,102,183,82
645,365,316,None,3,98,160,76
646,365,421,None,3,86,144,111
647,366,662,None,3,77,164,112
648,366,1857,None,3,108,173,83
649,368,462,None,3,109,173,96
650,368,2039,None,3,103,160,81
651,369,305,None,3,105,165,97
652,369,408,None,3,88,181,178
653,370,650,None,3,97,136,101
654,370,1304,None,3,89,75,184
655,370,1479,None,3,109,175,87
656,371,442,None,3,93,133,81
657,371,603,None,3,93,148,82
658,371,1487,None,3,111,173,78
659,372,407,None,3,111,62,158
660,372,1648,None,3,111,178,79
661,373,176,None,3,105,174,83
662,374,537,None,3,90,145,84
663,374,1188,None,3,107,178,97
664,374,1329,None,3,90,145,80
665,376,20,None,3,108,187,107
666,376,50,None,3,100,167,95
667,376,467,None,3,100,158,105
668,376,1164,None,3,111,185,75
669,376,1238,None,3,100,89,174
670,376,1351,None,3,107,175,89
671,376,2028,None,3,150,113,87
672,377,644,None,3,109,166,93
673,377,664,None,3,106,191,101
674,377,1217,None,3,83,121,70
675,377,1525,None,3,98,170,149
676,378,1582,None,3,100,157,77
677,379,490,None,3,108,185,87
678,379,1479,None,3,109,181,80
679,379,1547,None,3,103,159,84
680,380,143,None,3,96,146,69
681,380,1174,None,3,107,178,96
682,380,1262,None,3,84,134,96
683,380,1269,None,3,91,150,82
684,380,1743,None,3,96,97,218
685,381,1515,None,3,111,174,91
686,381,1592,None,3,67,103,190
687,381,1788,None,3,142,135,119
688,382,1182,None,3,104,182,118
689,382,1222,None,3,98,179,166
690,382,1679,None,3,110,192,96
691,383,454,None,3,96,147,69
692,383,631,None,3,93,150,129
693,383,1532,None,3,108,181,111
694,384,389,None,3,92,163,137
695,384,622,None,3,87,130,98
696,384,1888,None,3,107,37,103
697,386,0,None,3,107,146,61
698,386,539,None,3,97,155,94
699,386,640,None,3,86,147,140
700,386,1734,None,3,53,95,139
701,387,648,None,3,98,142,70
702,387,965,None,3,70,91,212
703,387,1431,None,3,111,162,79
704,387,1527,None,3,110,175,104
705,388,609,None,3,93,90,73
706,388,1714,None,3,107,177,91
707,390,474,None,3,87,139,73
708,390,617,None,3,108,64,131
709,390,620,None,3,109,87,197
710,390,1926,None,3,103,177,155
711,390,2041,None,3,75,158,138
712,392,1403,None,3,108,173,139
713,394,79,None,3,103,183,104
714,394,1214,None,3,106,162,70
715,394,1240,None,3,104,161,86
716,394,1932,None,3,105,125,167
717,395,1567,None,3,110,186,106
718,396,53,None,3,108,175,82
719,396,140,None,3,101,160,66
720,396,393,None,3,97,165,56
721,396,431,None,3,90,114,76
722,396,1787,None,3,106,182,110
723,397,470,None,3,106,182,110
724,397,535,None,3,96,136,90
725,397,1156,None,3,106,185,88
726,398,170,None,3,104,173,107
727,398,963,None,3,89,165,141
728,398,1402,None,3,112,38,189
729,398,1512,None,3,108,193,105
730,398,1545,None,3,166,70,131
731,400,505,None,3,94,136,91
732,401,1240,None,3,107,161,70
733,402,1174,None,3,107,169,75
734,402,1714,None,3,170,113,95
735,403,1842,None,3,112,173,61
736,404,1328,None,3,100,176,122
737,404,1571,None,3,102,170,103
738,404,1619,None,3,108,171,82
739,405,442,None,3,88,117,74
740,405,1192,None,3,105,181,87
741,405,1554,None,3,103,172,91
742,405,2036,None,3,96,131,80
743,406,950,None,3,0,0,255
744,406,973,None,3,96,166,102
745,406,1263,None,3,90,47,175
746,406,1504,None,3,72,41,178
747,406,1658,None,3,103,145,62
748,407,426,None,3,102,156,63
749,407,533,None,3,92,99,236
750,407,573,None,3,112,186,88
751,408,543,None,3,101,140,108
752,410,557,None,3,94,164,80
753,410,1274,None,3,105,189,152
754,410,1925,None,3,106,173,80
755,412,247,None,3,106,84,135
756,412,552,None,3,109,180,79
757,412,957,None,3,103,125,169
758,413,1033,None,3,102,171,99
759,414,71,None,3,101,152,79
760,414,147,None,3,51,86,174
761,414,450,None,3,76,139,151
762,415,1244,None,3,111,173,91
763,416,176,None,3,109,173,79
764,416,1154,None,3,106,201,136
765,416,1610,None,3,93,148,74
766,418,461,None,3,74,156,96
767,418,1040,None,3,102,63,169
768,418,1403,None,3,108,175,80
769,418,1418,None,3,106,139,70
770,418,1768,None,3,108,168,75
771,418,1800,None,3,102,156,79
772,419,971,None,3,94,163,114
773,420,1187,None,3,108,173,81
774,420,1490,None,3,92,67,159
775,422,1574,None,3,110,180,87
776,422,1865,None,3,46,74,158
777,423,1503,None,3,108,180,110
778,423,1812,None,3,111,177,70
779,424,473,None,3,96,157,59
780,424,486,None,3,94,136,86
781,424,1273,None,3,109,165,64
782,424,1317,None,3,101,167,89
783,424,1698,None,3,118,86,70
784,424,1839,None,3,70,112,75
785,426,1327,None,3,109,181,92
786,426,1875,None,3,95,162,127
787,427,1488,None,3,121,136,81
788,428,1028,None,3,98,156,99
789,428,1194,None,3,103,183,129
790,428,1549,None,3,102,157,80
791,428,1712,None,3,110,185,115
792,429,1160,None,3,104,164,66
793,429,1600,None,3,107,164,88
794,429,1861,None,3,100,130,89
795,430,29,None,3,111,177,83
796,430,117,None,3,53,91,146
797,430,976,None,3,81,138,102
798,430,1243,None,3,115,54,184
799,430,1571,None,3,110,175,91
800,430,1893,None,3,9,102,192
801,432,110,None,3,95,140,64
802,432,958,None,3,109,180,97
803,432,970,None,3,39,60,183
804,432,1039,None,3,123,107,169
805,432,1346,None,3,100,162,105
806,433,1410,None,3,108,175,71
807,434,1175,None,3,104,172,95
808,434,1486,None,3,109,178,109
809,435,1528,None,3,105,162,81
810,436,2,None,3,110,182,85
811,436,1582,None,3,122,84,176
812,436,1679,None,3,103,173,100
813,437,94,None,3,73,115,119
814,438,1060,None,3,110,180,76
815,438,1302,None,3,110,187,107
816,438,1590,None,3,172,146,167
817,439,1487,None,3,89,113,109
818,439,1871,None,3,108,174,75
819,440,948,None,3,111,183,67
820,440,959,None,3,109,151,93
821,440,1567,None,3,104,179,131
822,440,1916,None,3,102,169,101
823,441,1616,None,3,69,111,194
824,443,45,None,3,90,157,85
825,443,1084,None,3,90,157,229
826,443,1559,None,3,109,175,101
827,443,1694,None,3,110,187,85
828,444,953,None,3,108,179,94
829,444,1044,None,3,97,156,92
830,445,115,None,3,86,55,140
831,445,1207,None,3,93,165,120
832,446,67,None,3,88,56,102
833,446,1001,None,3,98,78,165
834,447,1651,None,3,110,173,90
835,447,1803,None,3,107,104,174
836,448,270,None,3,111,173,78
837,450,50,None,3,101,162,70
838,450,182,None,3,106,180,89
839,450,1253,None,3,91,121,61
840,450,1622,None,3,107,157,131
841,451,1044,None,3,97,171,134
842,452,1482,None,3,96,158,84
843,453,308,None,3,106,177,96
844,454,1085,None,3,59,79,150
845,454,1166,None,3,138,73,124
846,454,1872,None,3,99,187,120
847,456,1182,None,3,109,199,132
848,456,1349,None,3,92,99,133
849,456,1352,None,3,96,100,183
850,456,1492,None,3,92,143,117
851,457,26,None,3,108,176,79
852,458,153,None,3,87,76,98
853,458,1664,None,3,111,186,94
854,459,1201,None,3,111,183,103
855,460,1210,None,3,106,185,116
856,460,1930,None,3,79,159,136
857,461,1100,None,3,98,177,157
858,461,1512,None,3,95,150,87
859,461,1814,None,3,124,76,158
860,462,49,None,3,40,88,161
861,462,1695,None,3,101,158,68
862,463,260,None,3,99,144,71
863,463,1861,None,3,106,186,96
864,464,754,None,3,106,169,64
865,464,1184,None,3,110,192,93
866,464,1230,None,3,103,169,67
867,464,1519,None,3,104,180,109
868,464,1589,None,3,99,159,60
869,464,1646,None,3,103,172,66
870,464,1814,None,3,139,120,179
871,464,1935,None,3,107,191,120
872,465,136,None,3,93,151,83
873,465,961,None,3,52,76,178
874,465,1670,None,3,107,171,77
875,466,1660,None,3,87,142,68
876,467,1622,None,3,107,170,77
877,468,210,None,3,104,152,65
878,468,1580,None,3,95,159,89
879,468,1810,None,3,107,106,192
880,469,69,None,3,92,140,130
881,469,1201,None,3,107,183,88
882,469,1864,None,3,106,171,102
883,470,1487,None,3,105,157,79
884,470,1565,None,3,103,176,122
885,471,1554,None,3,107,171,118
886,473,468,None,3,109,173,52
887,473,1803,None,3,59,96,174
888,476,1332,None,3,107,175,81
889,476,1944,None,3,103,123,100
890,477,919,None,3,111,184,72
891,477,1513,None,3,107,166,119
892,477,1533,None,3,173,132,121
893,478,324,None,3,106,168,114
894,480,781,None,3,109,178,68
895,481,907,None,3,107,182,85
896,481,926,None,3,111,177,66
897,481,1800,None,3,109,170,97
898,482,319,None,3,112,52,118
899,483,1866,None,3,109,172,76
900,484,165,None,3,85,146,80
901,484,1493,None,3,110,180,81
902,485,182,None,3,110,189,77
903,485,1107,None,3,75,34,174
904,486,39,None,3,26,91,168
905,486,223,None,3,101,165,109
906,486,944,None,3,104,164,77
907,487,724,None,3,110,170,79
908,487,1516,None,3,67,104,192
909,488,1319,None,3,101,169,94
910,488,1568,None,3,131,82,156
911,488,1940,None,3,158,90,129
912,490,865,None,3,102,170,73
913,490,1093,None,3,109,186,122
914,491,875,None,3,100,155,82
915,492,156,None,3,98,146,82
916,492,934,None,3,106,180,93
917,494,697,None,3,103,165,79
918,494,745,None,3,81,50,136
919,495,42,None,3,99,118,128
920,495,1738,None,3,111,180,69
921,495,1840,None,3,68,82,148
922,496,1752,None,3,97,156,87
923,497,845,None,3,16,81,122
924,497,857,None,3,111,196,110
925,498,788,None,3,103,46,159
926,498,1567,None,3,100,94,152
927,499,1509,None,3,99,168,117
928,499,1526,None,3,66,90,172
929,499,1690,None,3,112,173,71
930,500,150,None,3,83,116,132
931,500,278,None,3,82,101,127
932,500,1092,None,3,103,169,95
933,500,1351,None,3,38,89,178
934,500,1876,None,3,108,166,85
935,502,513,None,3,110,183,85
936,502,1674,None,3,106,124,217
937,503,255,None,3,104,164,75
938,504,90,None,3,127,68,147
939,504,1310,None,3,65,74,127
940,504,1700,None,3,110,170,62
941,505,524,None,3,84,159,116
942,505,1359,None,3,102,146,89
943,506,22,None,3,89,113,88
944,506,369,None,3,97,173,77
945,507,742,None,3,110,173,83
946,507,986,None,3,98,165,70
947,507,1730,None,3,109,185,94
948,508,815,None,3,108,179,76
949,508,1320,None,3,133,69,157
950,508,1888,None,3,106,166,85
951,508,1946,None,3,103,166,69
952,509,1090,None,3,101,152,80
953,510,145,None,3,71,104,131
954,510,275,None,3,81,65,131
955,510,379,None,3,109,184,79
956,510,509,None,3,104,173,88
957,510,1020,None,3,104,147,80
958,511,967,None,3,110,168,74
959,511,1772,None,3,174,139,160
960,511,1807,None,3,174,147,138
961,512,463,None,3,95,82,139
962,512,789,None,3,110,167,70
963,512,1489,None,3,144,59,152
964,513,677,None,3,99,189,140
965,513,946,None,3,110,169,79
966,513,1538,None,3,92,166,129
967,514,1339,None,3,108,176,104
968,514,1658,None,3,102,161,106
969,515,609,None,3,70,51,173
970,515,761,None,3,105,168,98
971,515,1639,None,3,114,88,55
972,516,992,None,3,105,177,91
973,516,1043,None,3,93,141,117
974,516,1374,None,3,112,81,165
975,516,1762,None,3,136,113,133
976,517,523,None,3,86,135,75
977,517,1053,None,3,107,183,89
978,518,637,None,3,110,175,66
979,518,830,None,3,122,73,170
980,520,998,None,3,108,180,91
981,520,1019,None,3,93,77,132
982,520,1306,None,3,105,155,84
983,521,1501,None,3,106,167,86
984,521,1880,None,3,84,161,100
985,522,155,None,3,104,166,92
986,523,1469,None,3,86,145,102
987,523,1851,None,3,108,170,96
988,525,658,None,3,107,183,110
989,525,783,None,3,107,173,118
990,526,167,None,3,41,147,172
991,526,1488,None,3,92,108,97
992,526,1931,None,3,82,147,75
993,527,774,None,3,96,135,98
994,527,1547,None,3,108,184,102
995,528,20,None,3,92,106,78
996,528,750,None,3,91,113,88
997,528,1618,None,3,71,148,144
998,528,1674,None,3,63,73,136
999,529,317,None,3,97,81,162
1000,530,1032,None,3,98,123,84
1001,530,1064,None,3,98,160,113
1002,531,1817,None,3,109,182,124
1003,532,1927,None,3,105,169,107
1004,533,638,None,3,103,161,89
1005,534,80,None,3,105,177,92
1006,534,712,None,3,104,179,122
1007,534,1389,None,3,101,166,85
1008,535,1348,None,3,107,181,93
1009,535,1502,None,3,110,173,79
1010,535,1727,None,3,96,147,81
1011,535,1878,None,3,20,72,134
1012,536,137,None,3,107,167,83
1013,536,1076,None,3,170,61,254
1014,538,537,None,3,100,163,65
1015,538,550,None,3,104,172,76
1016,540,933,None,3,110,181,103
1017,540,1331,None,3,108,181,108
1018,540,1555,None,3,110,178,88
1019,541,765,None,3,98,164,104
1020,541,909,None,3,106,143,88
1021,542,193,None,3,105,178,72
1022,542,253,None,3,56,96,173
1023,542,777,None,3,101,168,126
1024,543,265,None,3,81,97,71
1025,543,499,None,3,113,182,88
1026,543,715,None,3,102,179,114
1027,544,25,None,3,65,73,154
1028,544,302,None,3,109,179,87
1029,544,1459,None,3,44,41,171
1030,544,1672,None,3,106,175,100
1031,546,1377,None,3,77,67,206
1032,547,1560,None,3,109,177,84
1033,548,131,None,3,85,54,140
1034,548,1576,None,3,104,164,75
1035,548,1867,None,3,109,178,86
1036,549,939,None,3,107,191,128
1037,550,571,None,3,105,176,76
1038,550,837,None,3,111,66,180
1039,550,1098,None,3,19,111,184
1040,551,1846,None,3,58,104,163
1041,552,795,None,3,78,156,115
1042,552,985,None,3,97,148,83
1043,552,1299,None,3,102,165,63
1044,552,1450,None,3,155,73,90
1045,552,1493,None,3,97,154,83
1046,553,180,None,3,102,167,50
1047,553,1036,None,3,102,65,162
1048,554,448,None,3,106,163,55
1049,554,511,None,3,90,162,81
1050,554,1749,None,3,59,61,126
1051,556,997,None,3,101,176,113
1052,557,244,None,3,78,96,139
1053,557,407,None,3,75,85,148
1054,558,749,None,3,94,163,116
1055,560,1862,None,3,111,152,84
1056,561,204,None,3,81,134,58
1057,562,295,None,3,48,104,137
1058,562,562,None,3,111,173,72
1059,562,721,None,3,109,176,85
1060,564,498,None,3,100,146,59
1061,564,1517,None,3,87,140,88
1062,565,654,None,3,104,155,66
1063,566,1456,None,3,97,155,69
1064,566,1850,None,3,37,132,216
1065,567,1573,None,3,110,181,86
1066,568,617,None,3,99,103,139
1067,568,1312,None,3,73,106,163
1068,570,167,None,3,94,140,68
1069,570,729,None,3,101,161,69
1070,570,1808,None,3,127,50,155
1071,570,1836,None,3,134,69,174
1072,571,792,None,3,100,144,60
1073,571,829,None,3,101,165,106
1074,571,1317,None,3,103,185,136
1075,571,1510,None,3,107,167,83
1076,572,39,None,3,81,139,82
1077,572,1374,None,3,6,145,193
1078,572,1640,None,3,107,48,125
1079,572,1643,None,3,101,101,158
1080,572,1864,None,3,146,88,166
1081,573,487,None,3,75,93,83
1082,573,915,None,3,95,162,103
1083,574,107,None,3,100,160,56
1084,574,318,None,3,107,177,118
1085,574,393,None,3,102,158,79
1086,574,1774,None,3,174,106,213
1087,575,815,None,3,105,161,69
1088,575,1766,None,3,69,56,187
1089,576,232,None,3,83,29,127
1090,576,1110,None,3,110,179,87
1091,576,1462,None,3,129,62,117
1092,576,1550,None,3,52,89,178
1093,577,878,None,3,103,170,89
1094,578,639,None,3,94,144,60
1095,578,1074,None,3,93,153,119
1096,580,1786,None,3,99,173,132
1097,581,595,None,3,102,171,104
1098,582,314,None,3,62,99,139
1099,582,1473,None,3,85,76,205
1100,582,1571,None,3,111,183,90
1101,583,32,None,3,103,179,98
1102,583,577,None,3,81,161,101
1103,584,257,None,3,56,64,120
1104,584,1108,None,3,103,163,126
1105,584,1316,None,3,104,55,126
1106,584,1490,None,3,108,170,82
1107,585,642,None,3,105,182,99
1108,586,1515,None,3,98,179,126
1109,587,156,None,3,89,95,152
1110,588,211,None,3,100,171,79
1111,588,648,None,3,98,158,157
1112,588,739,None,3,75,149,131
1113,589,1116,None,3,105,171,102
1114,590,39,None,3,98,160,86
1115,590,201,None,3,102,160,62
1116,590,657,None,3,78,157,122
1117,591,67,None,3,3,148,180
1118,591,691,None,3,107,186,110
1119,591,1009,None,3,95,147,117
1120,592,1796,None,3,97,87,60
1121,593,856,None,3,103,167,82
1122,593,992,None,3,108,173,80
1123,593,1848,None,3,106,166,80
1124,594,395,None,3,110,77,119
1125,594,1062,None,3,111,174,71
1126,594,1557,None,3,4,109,147
1127,595,1819,None,3,111,184,82
1128,596,1017,None,3,26,101,156
1129,597,932,None,3,99,165,89
1130,597,1050,None,3,111,138,77
1131,597,1497,None,3,103,179,167
1132,597,1826,None,3,112,166,65
1133,598,281,None,3,108,171,57
1134,598,838,None,3,108,172,75
1135,598,1032,None,3,108,164,75
1136,598,1041,None,3,75,40,187
1137,598,1916,None,3,38,61,156
1138,599,80,None,3,97,144,62
1139,599,327,None,3,45,51,130
1140,599,1007,None,3,87,127,123
1141,599,1096,None,3,99,164,94
1142,600,613,None,3,87,147,73
1143,600,901,None,3,97,166,93
1144,600,1403,None,3,96,95,169
1145,602,149,None,3,103,167,94
1146,602,583,None,3,107,170,76
1147,602,989,None,3,107,180,108
1148,602,1538,None,3,173,114,142
1149,604,830,None,3,97,143,66
1150,604,1314,None,3,105,177,107
1151,605,1369,None,3,110,174,72
1152,605,1874,None,3,100,156,99
1153,606,59,None,3,104,173,91
1154,606,1115,None,3,110,182,105
1155,606,1544,None,3,104,54,86
1156,606,1756,None,3,91,105,159
1157,607,1065,None,3,94,169,119
1158,607,1483,None,3,109,187,92
1159,607,1727,None,3,98,160,87
1160,608,847,None,3,107,182,97
1161,609,1007,None,3,110,168,76
1162,609,1047,None,3,102,159,89
1163,610,137,None,3,127,32,152
1164,610,851,None,3,92,155,93
1165,611,19,None,3,57,74,152
1166,611,1502,None,3,103,155,90
1167,612,199,None,3,81,90,148
1168,612,983,None,3,98,188,135
1169,612,1021,None,3,107,184,125
1170,612,1126,None,3,96,173,125
1171,612,1514,None,3,113,102,140
1172,612,1517,None,3,108,136,201
1173,613,600,None,3,107,170,80
1174,613,1683,None,3,110,174,73
1175,614,1297,None,3,67,44,210
1176,614,1781,None,3,99,158,55
1177,615,61,None,3,98,145,139
1178,615,1402,None,3,100,162,81
1179,615,1524,None,3,109,158,71
1180,615,1902,None,3,111,166,76
1181,616,940,None,3,110,181,82
1182,616,1046,None,3,101,158,90
1183,616,1051,None,3,84,149,93
1184,617,912,None,3,98,144,71
1185,617,1661,None,3,105,152,55
1186,618,353,None,3,72,135,189
1187,618,1393,None,3,100,153,87
1188,619,40,None,3,101,170,91
1189,619,120,None,3,105,166,72
1190,619,927,None,3,108,171,81
1191,619,1762,None,3,92,72,204
1192,620,1345,None,3,104,182,135
1193,620,1352,None,3,111,183,95
1194,621,161,None,3,97,154,82
1195,621,1844,None,3,170,130,136
1196,621,1875,None,3,107,181,110
1197,622,881,None,3,108,175,82
1198,622,1716,None,3,100,164,108
1199,623,1,None,3,81,124,127
1200,627,287,None,3,96,159,78
1201,627,1028,None,3,112,181,86
1202,627,1049,None,3,83,133,75
1203,628,1731,None,3,105,171,70
1204,630,949,None,3,109,176,84
1205,631,595,None,3,103,76,189
1206,632,140,None,3,97,154,102
1207,632,1128,None,3,109,182,112
1208,632,1695,None,3,106,172,76
1209,633,930,None,3,105,176,65
1210,633,1750,None,3,110,175,72
1211,634,1370,None,3,83,41,183
1212,634,1705,None,3,108,182,96
1213,635,943,None,3,98,163,112
1214,635,1895,None,3,110,175,99
1215,636,112,None,3,85,111,109
1216,636,172,None,3,109,176,76
1217,637,767,None,3,108,173,78
1218,637,1710,None,3,110,172,75
1219,638,1610,None,3,102,107,184
1220,638,1922,None,3,97,148,91
1221,639,1387,None,3,111,170,74
1222,640,1412,None,3,82,95,198
1223,642,1562,None,3,106,173,100
1224,642,1574,None,3,94,156,75
1225,643,721,None,3,110,171,68
1226,643,1153,None,3,92,163,88
1227,643,1316,None,3,112,195,111
1228,644,59,None,3,104,172,82
1229,644,103,None,3,94,153,81
1230,644,240,None,3,78,89,155
1231,645,1840,None,3,98,170,97
1232,646,971,None,3,109,171,83
1233,646,1811,None,3,108,177,74
1234,646,1910,None,3,103,142,97
1235,648,213,None,3,44,106,149
1236,648,1545,None,3,107,182,81
1237,648,1647,None,3,90,74,149
1238,649,1054,None,3,87,127,74
1239,649,1597,None,3,100,87,171
1240,650,1922,None,3,106,192,103
1241,652,177,None,3,110,57,142
1242,652,1798,None,3,105,152,113
1243,653,533,None,3,105,182,128
1244,653,1050,None,3,107,179,101
1245,653,1579,None,3,109,189,93
1246,654,699,None,3,104,139,55
1247,654,801,None,3,101,164,75
1248,654,1138,None,3,108,169,80
1249,654,1552,None,3,108,177,102
1250,655,1386,None,3,111,179,81
1251,656,585,None,3,12,122,188
1252,656,885,None,3,73,94,235
1253,656,1157,None,3,105,175,97
1254,657,1372,None,3,44,66,142
1255,657,1837,None,3,110,182,90
1256,658,1039,None,3,105,163,71
1257,658,1653,None,3,172,116,124
1258,659,687,None,3,109,177,76
1259,659,999,None,3,70,112,138
1260,660,1564,None,3,106,181,106
1261,661,561,None,3,110,170,69
1262,661,1631,None,3,110,172,64
1263,662,1790,None,3,166,108,152
1264,662,1825,None,3,106,182,119
1265,663,633,None,3,110,178,64
1266,664,89,None,3,95,91,89
1267,665,777,None,3,106,158,71
1268,665,961,None,3,107,168,81
1269,666,1066,None,3,108,129,116
1270,666,1615,None,3,110,175,75
1271,666,1812,None,3,108,176,92
1272,667,540,None,3,103,173,79
1273,667,1386,None,3,112,163,91
1274,668,1340,None,3,58,105,199
1275,669,548,None,3,104,186,117
1276,669,1532,None,3,105,190,106
1277,671,1714,None,3,98,152,87
1278,672,226,None,3,110,177,59
1279,672,1032,None,3,103,158,79
1280,673,173,None,3,98,168,57
1281,674,1063,None,3,94,138,170
1282,674,1103,None,3,77,159,152
1283,674,1381,None,3,166,86,212
1284,675,1876,None,3,99,167,72
1285,676,1607,None,3,98,148,81
1286,676,1898,None,3,113,180,70
1287,678,615,None,3,100,66,173
1288,678,1846,None,3,102,151,97
1289,679,206,None,3,80,91,96
1290,679,1076,None,3,89,152,154
1291,680,556,None,3,106,50,178
1292,680,983,None,3,100,160,66
1293,680,1159,None,3,109,189,120
1294,680,1341,None,3,99,99,184
1295,680,1699,None,3,25,72,173
1296,681,56,None,3,98,148,46
1297,681,990,None,3,98,153,92
1298,682,1526,None,3,110,188,107
1299,682,1650,None,3,106,118,197
1300,684,343,None,3,101,170,100
1301,684,829,None,3,107,176,77
1302,684,1214,None,3,71,160,202
1303,686,1007,None,3,107,179,84
1304,686,1135,None,3,97,162,75
1305,687,823,None,3,94,150,88
1306,687,1863,None,3,106,178,100
1307,688,996,None,3,132,109,169
1308,688,1115,None,3,110,186,96
1309,688,1641,None,3,105,171,108
1310,689,1124,None,3,112,185,83
1311,690,360,None,3,109,195,110
1312,690,1022,None,3,109,169,58
1313,690,1332,None,3,92,50,139
1314,691,1677,None,3,95,151,98
1315,692,347,None,3,109,179,89
1316,692,1075,None,3,111,176,71
1317,692,1096,None,3,98,72,177
1318,693,1877,None,3,108,192,111
1319,695,1538,None,3,104,162,117
1320,695,1716,None,3,111,163,62
1321,698,148,None,3,109,192,86
1322,699,1671,None,3,108,174,92
1323,701,1831,None,3,108,162,66
1324,702,371,None,3,86,72,126
1325,702,1569,None,3,98,154,69
1326,703,650,None,3,110,176,68
1327,704,191,None,3,107,170,68
1328,704,227,None,3,118,58,128
1329,706,1669,None,3,107,172,85
1330,707,637,None,3,111,188,124
1331,707,1602,None,3,97,163,102
1332,708,313,None,3,102,178,156
1333,708,686,None,3,110,176,102
1334,708,1861,None,3,95,159,73
1335,709,264,None,3,105,178,86
1336,709,631,None,3,84,148,117
1337,710,1147,None,3,103,156,54
1338,712,377,None,3,84,75,155
1339,712,1645,None,3,102,142,88
1340,712,1657,None,3,110,174,89
1341,714,1103,None,3,112,180,64
1342,714,1676,None,3,108,160,74
1343,718,301,None,3,84,85,128
1344,718,633,None,3,87,153,133
1345,718,1693,None,3,110,186,101
1346,719,381,None,3,106,70,136
1347,721,223,None,3,109,175,86
1348,723,657,None,3,94,68,129
1349,723,1536,None,3,109,175,72
1350,724,819,None,3,76,147,145
1351,724,1610,None,3,101,190,125
1352,726,1690,None,3,94,166,110
1353,728,646,None,3,85,168,115
1354,728,1627,None,3,100,196,131
1355,729,1558,None,3,112,176,75
1356,730,377,None,3,100,106,135
1357,730,1550,None,3,111,186,87
1358,732,529,None,3,105,171,77
1359,732,620,None,3,110,167,82
1360,733,48,None,3,118,102,168
1361,734,1648,None,3,111,196,117
1362,736,105,None,3,89,174,76
1363,736,144,None,3,103,87,119
1364,737,1590,None,3,100,174,102
1365,738,280,None,3,94,168,105
1366,738,1626,None,3,102,175,71
1367,740,292,None,3,93,164,91
1368,742,500,None,3,112,174,53
1369,742,541,None,3,102,177,70
1370,743,466,None,3,109,178,59
1371,745,529,None,3,108,179,92
1372,747,814,None,3,110,181,88
1373,750,271,None,3,99,170,90
1374,750,355,None,3,106,136,70
1375,750,371,None,3,92,138,80
1376,750,537,None,3,109,187,98
1377,750,627,None,3,108,70,163
1378,750,1620,None,3,106,164,67
1379,754,420,None,3,105,169,61
1380,756,800,None,3,95,164,111
1381,757,505,None,3,110,187,130
1382,758,118,None,3,106,178,72
1383,759,263,None,3,105,190,153
1384,761,158,None,3,102,174,93
1385,761,502,None,3,110,187,104
1386,762,523,None,3,112,188,89
1387,765,534,None,3,112,171,69
1388,765,604,None,3,101,170,77
1389,766,332,None,3,99,174,106
1390,766,791,None,3,97,62,119
1391,771,576,None,3,98,165,112
1392,771,618,None,3,100,168,119
1393,772,198,None,3,104,165,90
1394,773,156,None,3,105,189,104
1395,773,756,None,3,111,179,92
1396,773,1618,None,3,99,123,223
1397,774,321,None,3,86,133,77
1398,774,1494,None,3,156,70,125
1399,774,1572,None,3,112,192,100
1400,777,570,None,3,85,152,83
1401,778,253,None,3,101,164,148
1402,783,1594,None,3,60,28,229
1403,784,133,None,3,105,174,66
1404,784,169,None,3,107,181,73
1405,785,241,None,3,96,160,81
1406,785,791,None,3,107,165,60
1407,789,1512,None,3,91,93,68
1408,789,1580,None,3,99,139,68
1409,790,111,None,3,81,94,119
1410,790,573,None,3,72,59,127
1411,792,223,None,3,95,135,82
1412,793,247,None,3,95,147,124
1413,794,425,None,3,109,177,86
1414,794,689,None,3,108,175,113
1415,794,770,None,3,111,168,86
1416,796,357,None,3,90,141,55
1417,796,1484,None,3,106,174,115
1418,797,487,None,3,93,150,77
1419,798,646,None,3,100,157,91
1420,798,757,None,3,90,161,122
1421,799,1555,None,3,104,171,83
1422,802,184,None,3,105,198,122
1423,804,191,None,3,99,186,99
1424,804,200,None,3,109,174,72
1425,804,404,None,3,90,149,64
1426,806,331,None,3,92,70,87
1427,806,1489,None,3,72,74,161
1428,807,732,None,3,97,139,69
1429,808,145,None,3,81,151,95
1430,808,1541,None,3,105,48,116
1431,808,1544,None,3,87,59,158
1432,810,232,None,3,103,159,73
1433,810,311,None,3,94,147,144
1434,810,1596,None,3,111,174,77
1435,813,484,None,3,98,176,82
1436,814,295,None,3,108,176,62
1437,814,1553,None,3,106,166,111
1438,816,553,None,3,109,180,96
1439,816,1473,None,3,107,191,161
1440,816,1833,None,3,104,185,141
1441,817,546,None,3,106,168,78
1442,818,611,None,3,99,173,116
1443,822,1563,None,3,171,130,189
1444,824,762,None,3,82,154,163
1445,825,445,None,3,86,79,142
1446,826,541,None,3,107,172,95
1447,828,189,None,3,97,157,108
1448,828,325,None,3,80,72,135
1449,829,667,None,3,124,36,212
1450,830,477,None,3,109,87,155
1451,830,1520,None,3,92,143,86
1452,830,1814,None,3,111,196,99
1453,831,709,None,3,108,173,74
1454,832,745,None,3,93,166,108
1455,833,779,None,3,109,183,101
1456,833,1464,None,3,103,158,106
1457,833,1545,None,3,93,149,87
1458,833,1555,None,3,109,186,117
1459,834,147,None,3,81,164,98
1460,834,763,None,3,96,160,104
1461,835,1857,None,3,111,185,93
1462,836,1833,None,3,106,168,82
1463,837,105,None,3,78,116,86
1464,837,207,None,3,97,153,82
1465,839,160,None,3,85,116,77
1466,840,628,None,3,102,41,207
1467,841,233,None,3,58,57,130
1468,841,581,None,3,109,178,97
1469,843,118,None,3,81,46,108
1470,843,411,None,3,90,154,77
1471,843,1531,None,3,111,169,91
1472,844,1086,None,3,107,188,89
1473,845,735,None,3,90,141,68
1474,845,1154,None,3,108,178,68
1475,846,95,None,3,45,113,140
1476,846,518,None,3,90,165,126
1477,846,776,None,3,109,173,75
1478,847,1021,None,3,112,175,54
1479,847,1107,None,3,107,178,95
1480,847,1806,None,3,104,187,119
1481,848,628,None,3,85,79,139
1482,849,269,None,3,99,153,60
1483,850,435,None,3,93,168,78
1484,850,638,None,3,107,151,96
1485,850,1892,None,3,95,32,156
1486,852,188,None,3,101,164,71
1487,855,1539,None,3,108,203,128
1488,856,527,None,3,74,48,158
1489,857,230,None,3,97,152,82
1490,858,615,None,3,104,164,94
1491,858,1199,None,3,103,182,116
1492,859,499,None,3,100,64,139
1493,859,549,None,3,121,30,182
1494,859,1226,None,3,111,182,57
1495,861,279,None,3,66,41,133
1496,861,1308,None,3,103,74,49
1497,862,355,None,3,28,103,145
1498,862,741,None,3,104,184,138
1499,862,1039,None,3,110,176,67
1500,864,585,None,3,100,121,67
1501,865,302,None,3,75,156,101
1502,865,1171,None,3,108,178,82
1503,865,1626,None,3,142,155,175
1504,866,651,None,3,86,155,91
1505,867,713,None,3,104,166,94
1506,867,1532,None,3,101,165,92
1507,867,1822,None,3,16,97,186
1508,868,756,None,3,94,168,126
1509,869,525,None,3,103,158,93
1510,869,784,None,3,106,175,98
1511,869,1529,None,3,106,185,133
1512,869,1851,None,3,108,178,94
1513,870,205,None,3,138,68,251
1514,870,504,None,3,79,136,99
1515,870,1489,None,3,114,64,183
1516,871,1474,None,3,112,178,79
1517,872,1065,None,3,110,177,75
1518,872,1219,None,3,99,169,69
1519,872,1229,None,3,107,184,102
1520,874,341,None,3,109,106,150
1521,874,1196,None,3,104,175,110
1522,875,1027,None,3,90,99,228
1523,875,1037,None,3,104,168,97
1524,876,1166,None,3,101,138,46
1525,877,385,None,3,90,143,51
1526,877,521,None,3,101,103,148
1527,877,1117,None,3,111,172,69
1528,879,589,None,3,103,172,163
1529,879,1486,None,3,108,157,81
1530,879,1809,None,3,175,133,95
1531,879,1872,None,3,102,156,67
1532,880,1503,None,3,82,82,148
1533,880,1848,None,3,111,184,83
1534,882,141,None,3,77,88,148
1535,882,1048,None,3,111,173,60
1536,884,766,None,3,108,163,91
1537,885,28,None,3,50,66,141
1538,885,161,None,3,95,152,61
1539,886,2,None,3,97,161,86
1540,886,433,None,3,115,56,152
1541,886,521,None,3,89,71,138
1542,887,117,None,3,109,169,89
1543,887,1334,None,3,87,168,186
1544,888,103,None,3,109,135,191
1545,888,491,None,3,107,166,54
1546,888,789,None,3,104,164,69
1547,888,1269,None,3,98,166,96
1548,888,1814,None,3,115,156,71
1549,889,1345,None,3,90,175,222
1550,890,373,None,3,85,111,79
1551,890,1204,None,3,108,176,86
1552,890,1315,None,3,100,192,151
1553,891,1184,None,3,104,126,90
1554,892,1169,None,3,110,185,89
1555,893,25,None,3,84,93,136
1556,893,1821,None,3,107,194,147
1557,894,325,None,3,87,153,122
1558,894,769,None,3,105,162,79
1559,894,1836,None,3,109,156,79
1560,895,48,None,3,94,168,79
1561,895,1070,None,3,106,180,132
1562,895,1181,None,3,82,46,193
1563,896,727,None,3,23,74,183
1564,896,797,None,3,104,184,115
1565,897,529,None,3,100,157,90
1566,898,1344,None,3,85,170,232
1567,899,588,None,3,67,99,159
1568,900,1360,None,3,105,182,109
1569,901,582,None,3,99,149,110
1570,902,746,None,3,83,139,130
1571,903,73,None,3,66,91,111
1572,903,388,None,3,108,172,58
1573,903,530,None,3,107,187,126
1574,903,800,None,3,104,176,85
1575,904,696,None,3,92,62,167
1576,906,111,None,3,85,47,102
1577,906,1294,None,3,98,173,141
1578,907,190,None,3,16,28,255
1579,907,380,None,3,96,149,45
1580,907,781,None,3,109,176,114
1581,907,1095,None,3,102,154,60
1582,907,1105,None,3,107,178,104
1583,907,1351,None,3,97,150,107
1584,908,566,None,3,111,171,74
1585,908,731,None,3,102,171,97
1586,908,929,None,3,107,170,55
1587,909,1347,None,3,101,170,118
1588,910,627,None,3,93,159,84
1589,911,1326,None,3,79,144,154
1590,911,1362,None,3,89,140,112
1591,912,91,None,3,89,85,90
1592,913,1306,None,3,77,138,120
1593,914,41,None,3,33,90,150
1594,914,1295,None,3,89,149,126
1595,914,1333,None,3,94,144,101
1596,915,811,None,3,90,148,77
1597,916,1139,None,3,84,83,177
1598,916,1285,None,3,102,169,73
1599,917,410,None,3,107,167,107
1600,917,587,None,3,106,167,96
1601,920,481,None,3,100,172,82
1602,920,725,None,3,91,156,124
1603,920,1292,None,3,101,135,97
1604,921,562,None,3,85,164,113
1605,921,682,None,3,105,180,83
1606,922,1219,None,3,109,184,92
1607,923,225,None,3,106,176,78
1608,923,1354,None,3,91,156,142
1609,924,703,None,3,110,52,191
1610,925,529,None,3,106,182,118
1611,925,1345,None,3,85,150,83
1612,926,610,None,3,106,171,91
1613,927,589,None,3,96,137,106
1614,928,388,None,3,93,148,151
1615,928,1367,None,3,88,176,156
1616,929,1283,None,3,100,162,102
1617,931,1346,None,3,93,163,101
1618,932,70,None,3,82,62,118
1619,932,1262,None,3,110,176,72
1620,933,226,None,3,108,192,82
1621,934,495,None,3,77,74,143
1622,935,1268,None,3,98,164,83
1623,936,969,None,3,112,183,62
1624,936,1192,None,3,110,179,70
1625,937,1180,None,3,107,169,62
1626,937,1249,None,3,99,137,115
1627,937,1282,None,3,101,167,100
1628,938,51,None,3,77,146,123
1629,938,485,None,3,73,60,130
1630,938,991,None,3,106,189,110
1631,938,1029,None,3,110,179,82
1632,938,1239,None,3,107,183,103
1633,938,1360,None,3,111,64,149
1634,939,238,None,3,92,161,95
1635,939,1305,None,3,78,77,107
1636,940,95,None,3,100,163,64
1637,940,121,None,3,97,168,83
1638,940,1350,None,3,97,150,114
1639,941,1296,None,3,98,174,138
1640,942,143,None,3,84,148,86
1641,943,548,None,3,101,165,80
1642,944,7,None,3,91,89,129
1643,944,66,None,3,98,159,67
1644,946,989,None,3,106,176,85
1645,948,229,None,3,85,143,100
1646,948,341,None,3,25,123,167
1647,948,1311,None,3,88,142,168
1648,949,376,None,3,109,170,62
1649,949,801,None,3,85,97,88
1650,949,1360,None,3,83,166,179
1651,950,469,None,3,99,41,142
1652,950,1347,None,3,89,150,129
1653,951,1037,None,3,109,178,68
1654,951,1337,None,3,91,150,187
1655,952,1299,None,3,89,148,153
1656,952,1308,None,3,93,129,112
1657,953,1221,None,3,103,176,96
1658,953,1326,None,3,91,149,78
1659,954,609,None,3,102,156,73
1660,954,1356,None,3,87,175,154
1661,955,227,None,3,83,123,151
1662,955,1182,None,3,90,131,42
1663,955,1274,None,3,94,151,106
1664,957,808,None,3,98,157,79
1665,957,1318,None,3,93,152,134
1666,959,1265,None,3,99,100,183
1667,960,984,None,3,109,181,90
1668,960,997,None,3,110,194,98
1669,960,1216,None,3,105,183,123
1670,962,280,None,3,93,150,98
1671,962,1313,None,3,101,165,107
1672,962,1347,None,3,92,141,128
1673,964,17,None,3,114,94,120
1674,964,1337,None,3,78,158,98
1675,965,1242,None,3,99,174,100
1676,968,799,None,3,103,168,73
1677,969,66,None,3,92,152,101
1678,969,784,None,3,109,189,106
1679,970,373,None,3,102,183,120
1680,970,393,None,3,107,177,74
1681,970,710,None,3,111,174,66
1682,970,755,None,3,102,169,85
1683,970,1044,None,3,105,182,112
1684,970,1310,None,3,100,176,190
1685,971,775,None,3,105,170,71
1686,971,1165,None,3,105,159,53
1687,971,1209,None,3,109,196,128
1688,972,43,None,3,84,151,100
1689,972,693,None,3,106,183,123
1690,972,1324,None,3,113,59,138
1691,973,470,None,3,101,170,78
1692,975,305,None,3,104,183,118
1693,975,995,None,3,104,195,141
1694,975,1262,None,3,105,180,106
1695,976,8,None,3,83,128,118
1696,976,646,None,3,99,162,116
1697,976,737,None,3,111,170,77
1698,977,335,None,3,103,166,78
1699,977,623,None,3,109,175,68
1700,977,716,None,3,108,184,92
1701,977,1315,None,3,173,93,217
1702,978,379,None,3,96,156,69
1703,978,749,None,3,110,176,82
1704,979,44,None,3,100,156,76
1705,979,1015,None,3,108,166,54
1706,980,14,None,3,99,109,98
1707,980,57,None,3,96,148,79
1708,980,63,None,3,69,127,150
1709,980,131,None,3,80,164,71
1710,980,219,None,3,100,103,135
1711,980,1254,None,3,108,156,83
1712,981,1089,None,3,107,161,49
1713,983,1244,None,3,105,178,94
1714,984,1055,None,3,80,135,78
1715,984,1154,None,3,111,184,67
1716,985,733,None,3,108,159,72
1717,985,1032,None,3,107,176,76
1718,986,286,None,3,70,41,160
1719,986,1000,None,3,112,182,72
1720,986,1049,None,3,107,180,87
1721,986,1219,None,3,100,154,77
1722,988,669,None,3,96,152,109
1723,989,376,None,3,92,154,132
1724,989,1315,None,3,100,151,190
1725,990,302,None,3,109,176,86
1726,990,1325,None,3,95,146,133
1727,991,1334,None,3,20,60,157
1728,992,15,None,3,107,179,103
1729,992,97,None,3,75,167,192
1730,992,859,None,3,102,83,157
1731,992,1341,None,3,87,169,191
1732,993,1272,None,3,105,166,77
1733,993,1310,None,3,95,51,221
1734,994,732,None,3,85,99,124
1735,994,760,None,3,112,182,77
1736,996,103,None,3,84,122,79
1737,996,1156,None,3,97,159,93
1738,997,393,None,3,108,172,74
1739,997,1954,None,3,170,147,241
1740,998,62,None,3,87,129,89
1741,998,1350,None,3,15,17,255
1742,999,41,None,3,103,161,71
1743,999,251,None,3,93,133,75
1744,1001,75,None,3,98,162,96
1745,1001,756,None,3,97,168,105
1746,1002,1223,None,3,107,182,100
1747,1003,1358,None,3,88,131,124
1748,1003,2046,None,3,106,187,97
1749,1004,221,None,3,111,182,60
1750,1004,368,None,3,109,75,130
1751,1005,993,None,3,112,191,77
1752,1006,22,None,3,93,140,85
1753,1006,766,None,3,108,179,79
1754,1006,1020,None,3,108,183,68
1755,1007,110,None,3,101,156,72
1756,1007,1301,None,3,86,112,119
1757,1008,747,None,3,99,164,103
1758,1008,1308,None,3,89,134,127
1759,1008,1364,None,3,94,150,81
1760,1009,972,None,3,111,186,67
1761,1010,59,None,3,94,89,87
1762,1010,1175,None,3,95,144,63
1763,1010,1325,None,3,100,177,111
1764,1011,1312,None,3,93,145,97
1765,1012,69,None,3,107,187,77
1766,1012,1229,None,3,103,183,106
1767,1012,1289,None,3,79,165,161
1768,1012,1297,None,3,86,101,154
1769,1013,439,None,3,92,169,105
1770,1014,589,None,3,104,173,63
1771,1014,1092,None,3,111,177,65
1772,1014,1255,None,3,89,120,90
1773,1014,1264,None,3,91,95,143
1774,1016,1358,None,3,87,90,107
1775,1018,394,None,3,91,141,69
1776,1018,671,None,3,107,66,171
1777,1018,1225,None,3,109,191,119
1778,1018,1334,None,3,88,154,105
1779,1018,2038,None,3,100,136,117
1780,1019,752,None,3,97,171,171
1781,1019,1246,None,3,109,163,88
1782,1020,424,None,3,88,149,55
1783,1020,1257,None,3,75,107,182
1784,1020,1321,None,3,94,165,131
1785,1021,412,None,3,89,145,63
1786,1021,744,None,3,106,182,95
1787,1022,17,None,3,105,173,83
1788,1022,633,None,3,105,182,87
1789,1022,1238,None,3,99,59,173
1790,1023,1348,None,3,96,164,95
1791,1023,1361,None,3,92,138,182
1792,1023,1368,None,3,53,66,216
1793,1024,677,None,3,89,112,169
1794,1024,1236,None,3,70,57,150
1795,1024,1330,None,3,85,150,104
1796,1026,251,None,3,83,51,150
1797,1026,2014,None,3,81,77,189
1798,1027,1151,None,3,113,183,63
1799,1027,1292,None,3,98,139,127
1800,1028,42,None,3,102,164,64
1801,1028,67,None,3,102,127,133
1802,1028,356,None,3,102,168,82
1803,1028,1072,None,3,100,159,81
1804,1028,1304,None,3,0,0,255
1805,1028,1327,None,3,79,141,97
1806,1029,22,None,3,87,154,116
1807,1029,1332,None,3,96,148,77
1808,1030,731,None,3,108,172,82
1809,1031,495,None,3,91,63,137
1810,1032,526,None,3,107,186,112
1811,1032,1262,None,3,101,160,69
1812,1033,1294,None,3,98,121,128
1813,1034,123,None,3,81,122,108
1814,1034,358,None,3,107,173,83
1815,1034,1006,None,3,108,169,63
1816,1034,1119,None,3,80,145,61
1817,1035,298,None,3,110,177,94
1818,1035,681,None,3,105,154,91
1819,1035,1336,None,3,93,164,114
1820,1036,310,None,3,107,179,105
1821,1036,2046,None,3,112,168,65
1822,1037,700,None,3,112,162,91
1823,1037,713,None,3,85,105,151
1824,1037,1323,None,3,94,160,140
1825,1038,20,None,3,95,178,233
1826,1038,584,None,3,108,174,57
1827,1038,663,None,3,108,183,65
1828,1038,1369,None,3,82,137,95
1829,1039,5,None,3,84,83,147
1830,1041,715,None,3,112,95,91
1831,1042,61,None,3,92,145,48
1832,1042,470,None,3,110,173,72
1833,1043,1333,None,3,88,175,130
1834,1044,1299,None,3,89,157,198
1835,1045,1011,None,3,107,177,76
1836,1046,695,None,3,6,134,183
1837,1046,1053,None,3,109,177,60
1838,1046,1114,None,3,112,176,50
1839,1047,199,None,3,29,21,37
1840,1047,379,None,3,64,67,131
1841,1048,41,None,3,89,138,70
1842,1048,1360,None,3,103,111,95
1843,1049,271,None,3,105,182,116
1844,1049,1100,None,3,113,173,47
1845,1051,17,None,3,109,185,101
1846,1051,1156,None,3,110,188,78
1847,1052,531,None,3,107,168,67
1848,1052,621,None,3,105,178,96
1849,1053,1307,None,3,91,91,72
1850,1054,469,None,3,107,184,103
1851,1054,550,None,3,105,175,109
1852,1054,1092,None,3,110,177,64
1853,1055,298,None,3,90,151,86
1854,1055,1242,None,3,116,44,151
1855,1056,507,None,3,98,182,142
1856,1056,571,None,3,90,85,115
1857,1056,1185,None,3,35,100,193
1858,1058,233,None,3,66,65,106
1859,1058,1356,None,3,84,114,153
1860,1059,1322,None,3,82,128,96
1861,1060,73,None,3,44,79,112
1862,1060,146,None,3,76,148,93
1863,1061,249,None,3,107,166,85
1864,1061,1075,None,3,101,149,56
1865,1061,1270,None,3,104,130,216
1866,1062,429,None,3,91,57,68
1867,1062,461,None,3,108,172,83
1868,1062,1349,None,3,99,167,129
1869,1063,1253,None,3,112,187,78
1870,1064,491,None,3,99,178,138
1871,1064,1015,None,3,110,185,72
1872,1065,2038,None,3,90,147,69
1873,1066,1355,None,3,86,143,158
1874,1067,292,None,3,84,118,104
1875,1067,1341,None,3,90,185,217
1876,1068,1038,None,3,0,0,255
1877,1070,122,None,3,81,132,89
1878,1071,70,None,3,117,95,211
1879,1072,313,None,3,102,147,76
1880,1072,385,None,3,113,91,224
1881,1072,425,None,3,8,84,166
1882,1072,1185,None,3,103,170,82
1883,1073,1271,None,3,107,147,64
1884,1075,325,None,3,96,150,109
1885,1076,647,None,3,111,179,53
1886,1077,489,None,3,108,182,84
1887,1077,543,None,3,108,168,70
1888,1077,1499,None,3,97,153,67
1889,1078,296,None,3,108,172,89
1890,1078,589,None,3,111,184,86
1891,1079,242,None,3,91,107,170
1892,1082,516,None,3,99,85,118
1893,1083,341,None,3,107,173,74
1894,1084,80,None,3,81,64,135
1895,1084,134,None,3,96,151,85
1896,1084,1000,None,3,109,178,58
1897,1084,1498,None,3,93,142,85
1898,1086,427,None,3,84,166,106
1899,1086,438,None,3,97,168,110
1900,1086,563,None,3,95,161,121
1901,1088,1220,None,3,112,181,72
1902,1089,1073,None,3,109,177,72
1903,1090,4,None,3,83,131,86
1904,1090,273,None,3,87,135,81
1905,1090,1173,None,3,78,86,173
1906,1090,2042,None,3,71,103,224
1907,1093,1061,None,3,111,173,56
1908,1093,2025,None,3,109,178,92
1909,1095,91,None,3,95,151,80
1910,1095,2046,None,3,106,151,203
1911,1097,417,None,3,109,166,87
1912,1099,455,None,3,49,27,153
1913,1099,646,None,3,111,192,82
1914,1100,433,None,3,110,178,89
1915,1101,459,None,3,30,90,177
1916,1101,1128,None,3,110,191,73
1917,1101,1468,None,3,74,95,161
1918,1101,1478,None,3,103,132,145
1919,1102,41,None,3,63,63,125
1920,1102,269,None,3,89,158,87
1921,1102,1837,None,3,106,193,124
1922,1103,1136,None,3,107,187,96
1923,1104,555,None,3,105,173,61
1924,1105,595,None,3,108,172,52
1925,1106,308,None,3,109,172,69
1926,1106,1025,None,3,108,186,72
1927,1108,101,None,3,106,64,239
1928,1108,514,None,3,106,172,75
1929,1108,1847,None,3,105,169,110
1930,1109,442,None,3,107,177,85
1931,1110,275,None,3,87,141,54
1932,1110,1807,None,3,89,172,186
1933,1111,0,None,3,52,104,91
1934,1111,347,None,3,77,177,133
1935,1112,399,None,3,94,120,157
1936,1112,545,None,3,100,172,75
1937,1112,1830,None,3,110,176,85
1938,1113,152,None,3,90,174,96
1939,1113,907,None,3,105,159,102
1940,1113,1039,None,3,103,133,207
1941,1113,1465,None,3,107,193,143
1942,1114,1856,None,3,175,114,186
1943,1115,262,None,3,98,166,70
1944,1115,416,None,3,81,69,156
1945,1115,450,None,3,111,172,69
1946,1115,1453,None,3,106,164,68
1947,1116,143,None,3,103,164,62
1948,1116,500,None,3,108,179,74
1949,1116,1561,None,3,103,145,72
1950,1117,914,None,3,86,165,126
1951,1118,924,None,3,98,136,115
1952,1120,1526,None,3,107,173,84
1953,1121,886,None,3,89,165,96
1954,1123,337,None,3,99,141,80
1955,1123,1211,None,3,111,178,70
1956,1123,1231,None,3,104,157,57
1957,1124,44,None,3,94,140,154
1958,1124,256,None,3,99,161,77
1959,1124,512,None,3,103,189,133
1960,1124,929,None,3,92,168,109
1961,1125,314,None,3,105,142,55
1962,1125,1199,None,3,109,172,71
1963,1125,1806,None,3,101,97,203
1964,1126,23,None,3,40,58,106
1965,1126,1465,None,3,102,187,145
1966,1127,61,None,3,90,150,95
1967,1127,549,None,3,101,153,54
1968,1127,1555,None,3,106,153,103
1969,1128,7,None,3,107,174,79
1970,1128,481,None,3,105,153,108
1971,1128,933,None,3,74,148,122
1972,1128,1145,None,3,89,113,157
1973,1129,972,None,3,97,162,93
1974,1130,1048,None,3,97,155,78
1975,1131,85,None,3,98,85,115
1976,1131,329,None,3,95,141,77
1977,1131,381,None,3,109,179,89
1978,1131,885,None,3,134,33,168
1979,1131,937,None,3,92,167,109
1980,1132,908,None,3,48,47,147
1981,1132,955,None,3,79,139,94
1982,1133,1443,None,3,106,180,93
1983,1134,261,None,3,88,151,102
1984,1134,922,None,3,78,139,141
1985,1134,1185,None,3,110,181,75
1986,1135,321,None,3,82,148,84
1987,1136,68,None,3,101,162,86
1988,1136,1875,None,3,0,0,255
1989,1137,914,None,3,91,130,98
1990,1138,81,None,3,88,129,85
1991,1138,870,None,3,91,178,188
1992,1138,906,None,3,100,163,119
1993,1138,942,None,3,103,173,91
1994,1138,1127,None,3,43,92,188
1995,1138,1510,None,3,97,79,147
1996,1138,1732,None,3,108,168,59
1997,1139,249,None,3,88,169,102
1998,1141,1142,None,3,105,150,83
1999,1142,279,None,3,108,40,160
2000,1142,534,None,3,107,179,79
2001,1142,1167,None,3,112,179,66
2002,1143,71,None,3,101,171,67
2003,1143,871,None,3,74,151,179
2004,1143,1180,None,3,111,162,48
2005,1143,1539,None,3,170,105,198
2006,1144,463,None,3,92,174,115
2007,1144,999,None,3,86,168,133
2008,1145,31,None,3,71,73,121
2009,1145,939,None,3,102,176,138
2010,1145,1817,None,3,111,179,91
2011,1146,956,None,3,109,184,132
2012,1147,1859,None,3,104,146,109
2013,1148,774,None,3,64,26,248
2014,1148,2042,None,3,87,138,84
2015,1149,745,None,3,95,158,75
2016,1149,986,None,3,87,122,60
2017,1149,1774,None,3,100,173,120
2018,1150,4,None,3,19,70,148
2019,1150,874,None,3,99,141,135
2020,1150,891,None,3,93,147,120
2021,1151,318,None,3,90,154,96
2022,1151,906,None,3,90,129,104
2023,1151,978,None,3,92,135,59
2024,1152,305,None,3,108,168,63
2025,1152,475,None,3,28,84,182
2026,1152,1170,None,3,97,140,53
2027,1153,245,None,3,91,142,94
2028,1153,736,None,3,73,180,211
2029,1154,865,None,3,75,182,169
2030,1156,743,None,3,83,156,116
2031,1156,1515,None,3,106,183,105
2032,1156,1621,None,3,141,151,135
2033,1157,1084,None,3,71,58,206
2034,1157,1737,None,3,109,173,92
2035,1158,294,None,3,96,152,67
2036,1158,321,None,3,91,166,107
2037,1158,335,None,3,107,171,103
2038,1159,1001,None,3,110,169,85
2039,1159,1462,None,3,97,131,76
2040,1160,876,None,3,99,157,125
2041,1160,901,None,3,86,138,108
2042,1161,929,None,3,88,110,255
2043,1161,1200,None,3,112,172,48
2044,1161,1446,None,3,109,168,62
2045,1161,1751,None,3,173,142,155
2046,1161,1802,None,3,107,180,106
2047,1161,1843,None,3,98,153,102
2048,1162,794,None,3,88,168,120
2049,1163,451,None,3,99,157,75
2050,1164,784,None,3,85,161,152
2051,1164,945,None,3,97,162,125
2052,1164,1094,None,3,93,125,103
2053,1165,224,None,3,94,134,82
2054,1165,1108,None,3,107,151,86
2055,1165,1498,None,3,109,177,88
2056,1167,799,None,3,91,172,145
2057,1167,911,None,3,86,148,134
2058,1167,1011,None,3,106,128,148
2059,1167,1524,None,3,110,169,95
2060,1168,887,None,3,96,142,81
2061,1168,931,None,3,99,143,167
2062,1168,1800,None,3,107,172,103
2063,1169,1160,None,3,113,175,49
2064,1170,1001,None,3,95,127,95
2065,1170,1023,None,3,78,51,146
2066,1170,1854,None,3,101,166,110
2067,1170,1902,None,3,112,174,72
2068,1170,1912,None,3,111,180,83
2069,1171,883,None,3,102,164,118
2070,1172,861,None,3,76,163,106
2071,1172,1736,None,3,138,91,162
2072,1174,249,None,3,93,109,134
2073,1174,739,None,3,77,157,202
2074,1174,773,None,3,73,79,141
2075,1175,148,None,3,104,174,76
2076,1175,226,None,3,92,137,83
2077,1175,895,None,3,95,155,106
2078,1175,1108,None,3,104,117,223
2079,1176,38,None,3,97,56,146
2080,1176,267,None,3,83,99,106
2081,1176,441,None,3,90,154,102
2082,1176,1024,None,3,74,103,220
2083,1177,6,None,3,100,168,76
2084,1177,727,None,3,83,108,153
2085,1177,1770,None,3,139,61,76
2086,1179,301,None,3,95,144,81
2087,1179,936,None,3,82,176,141
2088,1179,1167,None,3,109,178,58
2089,1180,794,None,3,86,135,134
2090,1181,1190,None,3,102,177,131
2091,1182,173,None,3,103,171,73
2092,1182,451,None,3,98,152,85
2093,1182,541,None,3,102,166,52
2094,1182,772,None,3,78,113,137
2095,1182,1499,None,3,109,176,98
2096,1183,125,None,3,83,88,176
2097,1183,182,None,3,110,181,72
2098,1183,803,None,3,86,145,96
2099,1183,895,None,3,90,159,103
2100,1183,1806,None,3,176,127,149
2101,1183,1873,None,3,109,164,103
2102,1184,406,None,3,92,167,97
2103,1185,885,None,3,96,149,98
2104,1185,1792,None,3,110,152,117
2105,1186,221,None,3,54,87,162
2106,1186,797,None,3,97,62,105
2107,1186,1696,None,3,105,166,90
2108,1187,1021,None,3,94,61,207
2109,1188,332,None,3,108,165,67
2110,1188,754,None,3,94,158,129
2111,1188,988,None,3,91,124,68
2112,1188,1523,None,3,107,189,82
2113,1189,727,None,3,101,43,209
2114,1189,764,None,3,94,155,100
2115,1190,403,None,3,80,128,108
2116,1190,925,None,3,93,142,141
2117,1190,1513,None,3,110,196,100
2118,1190,1912,None,3,109,171,83
2119,1191,897,None,3,92,175,110
2120,1191,1884,None,3,89,85,178
2121,1192,43,None,3,109,176,94
2122,1192,1843,None,3,108,174,113
2123,1193,239,None,3,91,157,112
2124,1193,292,None,3,102,169,99
2125,1193,877,None,3,97,158,89
2126,1193,1099,None,3,110,168,79
2127,1193,1790,None,3,147,75,159
2128,1194,173,None,3,109,180,83
2129,1194,189,None,3,106,185,110
2130,1194,207,None,3,106,166,69
2131,1195,918,None,3,94,133,131
2132,1195,1053,None,3,89,151,90
2133,1195,1764,None,3,175,141,199
2134,1196,931,None,3,91,178,153
2135,1196,1792,None,3,103,119,181
2136,1197,411,None,3,80,57,120
2137,1197,753,None,3,97,168,144
2138,1197,1185,None,3,107,161,53
2139,1197,1698,None,3,104,179,117
2140,1197,1802,None,3,96,125,74
2141,1197,2030,None,3,104,171,90
2142,1198,293,None,3,96,153,118
2143,1198,740,None,3,96,159,107
2144,1198,1947,None,3,98,168,100
2145,1199,1455,None,3,110,177,72
2146,1199,1511,None,3,106,172,75
2147,1200,715,None,3,98,159,99
2148,1201,722,None,3,83,167,147
2149,1201,1924,None,3,110,169,72
2150,1202,911,None,3,80,154,81
2151,1202,1914,None,3,105,169,82
2152,1203,702,None,3,39,79,166
2153,1203,886,None,3,91,155,105
2154,1204,775,None,3,94,153,115
2155,1205,692,None,3,108,157,67
2156,1206,388,None,3,103,173,85
2157,1207,243,None,3,86,157,102
2158,1207,313,None,3,91,156,117
2159,1209,257,None,3,106,167,76
2160,1209,724,None,3,109,174,90
2161,1209,1013,None,3,104,72,155
2162,1210,1504,None,3,102,167,86
2163,1210,1838,None,3,110,169,94
2164,1211,294,None,3,97,127,64
2165,1212,797,None,3,87,143,73
2166,1212,1175,None,3,111,180,62
2167,1213,350,None,3,99,149,89
2168,1215,78,None,3,105,189,116
2169,1215,338,None,3,93,143,75
2170,1215,1436,None,3,3,107,232
2171,1218,278,None,3,100,155,80
2172,1218,773,None,3,89,143,98
2173,1218,1050,None,3,101,180,148
2174,1218,1817,None,3,107,166,105
2175,1219,390,None,3,110,175,65
2176,1219,1009,None,3,93,160,104
2177,1220,179,None,3,103,170,78
2178,1221,699,None,3,88,97,179
2179,1222,1457,None,3,98,154,86
2180,1223,239,None,3,100,170,96
2181,1223,1031,None,3,91,145,90
2182,1223,1474,None,3,106,167,84
2183,1223,1948,None,3,174,123,173
2184,1224,325,None,3,95,193,135
2185,1224,1514,None,3,109,165,63
2186,1225,295,None,3,76,132,119
2187,1225,789,None,3,87,179,122
2188,1225,1389,None,3,109,181,83
2189,1225,1397,None,3,106,196,128
2190,1227,779,None,3,95,148,106
2191,1228,449,None,3,106,162,52
2192,1229,983,None,3,85,98,175
2193,1230,297,None,3,84,139,119
2194,1230,1502,None,3,108,183,93
2195,1230,1837,None,3,97,132,73
2196,1230,1948,None,3,11,81,185
2197,1231,331,None,3,108,36,226
2198,1231,345,None,3,106,82,187
2199,1232,713,None,3,91,92,75
2200,1233,316,None,3,109,172,75
2201,1233,400,None,3,106,173,74
2202,1233,1428,None,3,92,119,69
2203,1234,73,None,3,99,172,133
2204,1234,751,None,3,105,178,110
2205,1235,1644,None,3,110,195,121
2206,1236,772,None,3,91,140,93
2207,1237,413,None,3,111,169,58
2208,1237,1363,None,3,89,102,216
2209,1238,285,None,3,83,132,77
2210,1238,765,None,3,95,190,178
2211,1239,76,None,3,111,171,93
2212,1240,465,None,3,92,135,128
2213,1240,1372,None,3,110,168,82
2214,1240,1474,None,3,103,166,81
2215,1240,1635,None,3,109,173,77
2216,1241,220,None,3,94,156,70
2217,1241,1929,None,3,91,145,105
2218,1242,14,None,3,107,161,146
2219,1242,271,None,3,83,155,109
2220,1245,1122,None,3,94,142,53
2221,1245,1872,None,3,102,171,126
2222,1246,68,None,3,92,123,91
2223,1246,314,None,3,98,116,85
2224,1246,745,None,3,96,157,82
2225,1247,1404,None,3,132,59,147
2226,1249,542,None,3,105,176,90
2227,1249,1081,None,3,110,183,107
2228,1249,1351,None,3,109,163,76
2229,1250,217,None,3,100,173,107
2230,1250,671,None,3,106,182,110
2231,1250,1622,None,3,116,72,212
2232,1252,336,None,3,86,142,93
2233,1252,1411,None,3,127,63,140
2234,1253,1426,None,3,107,186,127
2235,1254,395,None,3,87,86,114
2236,1254,461,None,3,96,57,158
2237,1254,1947,None,3,110,190,98
2238,1255,751,None,3,106,172,110
2239,1256,237,None,3,95,151,61
2240,1256,1074,None,3,75,42,154
2241,1257,1372,None,3,103,191,148
2242,1259,1314,None,3,103,162,58
2243,1259,1903,None,3,98,160,96
2244,1260,13,None,3,103,157,183
2245,1260,277,None,3,95,138,72
2246,1260,328,None,3,88,162,159
2247,1260,1056,None,3,108,182,95
2248,1260,1469,None,3,102,179,121
2249,1261,754,None,3,104,171,94
2250,1261,1345,None,3,106,186,98
2251,1262,1418,None,3,75,139,164
2252,1265,265,None,3,82,124,173
2253,1265,1502,None,3,108,121,201
2254,1266,235,None,3,83,136,83
2255,1266,736,None,3,97,143,112
2256,1266,1611,None,3,112,151,128
2257,1268,7,None,3,50,45,182
2258,1268,311,None,3,80,84,121
2259,1269,80,None,3,94,174,94
2260,1269,383,None,3,95,132,79
2261,1269,741,None,3,94,163,139
2262,1271,1405,None,3,73,120,194
2263,1272,263,None,3,82,164,122
2264,1272,553,None,3,75,121,91
2265,1272,1326,None,3,99,142,75
2266,1273,239,None,3,42,87,164
2267,1273,663,None,3,105,184,113
2268,1274,499,None,3,108,172,100
2269,1274,1338,None,3,104,195,174
2270,1274,1607,None,3,108,192,120
2271,1275,277,None,3,107,161,95
2272,1275,1631,None,3,94,40,217
2273,1276,1445,None,3,100,162,114
2274,1277,229,None,3,100,152,93
2275,1277,711,None,3,103,168,77
2276,1278,1613,None,3,106,146,132
2277,1280,396,None,3,94,146,85
2278,1280,759,None,3,105,181,102
2279,1281,160,None,3,107,180,98
2280,1282,419,None,3,88,154,121
2281,1282,1432,None,3,104,120,159
2282,1282,1675,None,3,79,55,195
2283,1283,727,None,3,107,177,80
2284,1283,1458,None,3,105,154,70
2285,1284,310,None,3,105,172,106
2286,1284,551,None,3,88,99,68
2287,1284,735,None,3,98,147,61
2288,1284,747,None,3,96,47,111
2289,1284,1332,None,3,30,83,199
2290,1285,134,None,3,106,174,91
2291,1285,282,None,3,109,171,94
2292,1285,1394,None,3,113,127,157
2293,1286,322,None,3,102,180,141
2294,1286,368,None,3,92,134,80
2295,1286,1425,None,3,109,165,108
2296,1286,1493,None,3,78,154,131
2297,1287,1400,None,3,5,111,206
2298,1288,1502,None,3,136,107,187
2299,1289,1362,None,3,102,178,100
2300,1289,1384,None,3,100,161,82
2301,1290,1450,None,3,113,163,73
2302,1291,1468,None,3,112,158,72
2303,1292,305,None,3,69,55,123
2304,1292,345,None,3,96,157,84
2305,1292,393,None,3,97,168,94
2306,1293,580,None,3,91,154,82
2307,1294,355,None,3,94,162,86
2308,1295,100,None,3,96,161,91
2309,1296,663,None,3,105,161,126
2310,1297,136,None,3,85,145,139
2311,1297,383,None,3,88,158,120
2312,1297,687,None,3,104,176,101
2313,1298,0,None,3,89,74,82
2314,1299,403,None,3,105,188,121
2315,1299,1616,None,3,111,173,83
2316,1300,1369,None,3,86,144,114
2317,1301,164,None,3,108,175,103
2318,1301,385,None,3,95,160,112
2319,1301,1344,None,3,101,56,186
2320,1301,1357,None,3,98,160,111
2321,1301,1377,None,3,108,187,161
2322,1302,370,None,3,101,174,109
2323,1302,1503,None,3,110,184,89
2324,1302,1692,None,3,72,77,100
2325,1303,505,None,3,92,157,159
2326,1303,653,None,3,98,115,53
2327,1303,691,None,3,107,176,78
2328,1303,1400,None,3,14,105,221
2329,1304,327,None,3,83,148,92
2330,1304,530,None,3,101,159,114
2331,1304,1348,None,3,120,137,107
2332,1307,233,None,3,107,181,118
2333,1308,453,None,3,77,158,120
2334,1308,589,None,3,93,162,83
2335,1308,1373,None,3,108,182,99
2336,1308,1440,None,3,111,167,90
2337,1309,375,None,3,102,193,132
2338,1309,1484,None,3,90,93,117
2339,1310,491,None,3,99,156,76
2340,1310,1343,None,3,95,75,137
2341,1311,516,None,3,84,106,101
2342,1312,286,None,3,98,148,99
2343,1312,1694,None,3,99,164,74
2344,1314,229,None,3,90,140,131
2345,1314,1657,None,3,141,120,165
2346,1315,359,None,3,103,152,61
2347,1316,655,None,3,71,72,171
2348,1317,113,None,3,96,151,64
2349,1317,527,None,3,103,157,130
2350,1317,1448,None,3,112,167,85
2351,1318,332,None,3,108,194,109
2352,1318,731,None,3,108,183,132
2353,1319,241,None,3,106,52,121
2354,1319,721,None,3,100,175,84
2355,1320,191,None,3,101,174,111
2356,1321,150,None,3,83,132,60
2357,1322,444,None,3,108,169,100
2358,1323,175,None,3,17,93,169
2359,1325,514,None,3,111,169,64
2360,1327,493,None,3,91,149,66
2361,1328,164,None,3,91,135,73
2362,1329,458,None,3,104,161,66
2363,1330,442,None,3,29,57,132
2364,1330,508,None,3,112,172,55
2365,1333,469,None,3,99,157,63
2366,1334,321,None,3,105,176,102
2367,1334,561,None,3,92,188,149
2368,1335,1485,None,3,107,184,89
2369,1337,189,None,3,98,141,84
2370,1337,211,None,3,101,151,106
2371,1339,1438,None,3,108,174,84
2372,1340,162,None,3,62,57,130
2373,1342,755,None,3,91,96,148
2374,1344,439,None,3,86,164,74
2375,1344,561,None,3,89,162,81
2376,1345,1495,None,3,100,161,78
2377,1346,332,None,3,95,95,129
2378,1346,567,None,3,96,145,62
2379,1347,13,None,3,14,78,102
2380,1347,682,None,3,103,176,89
2381,1347,1445,None,3,95,143,81
2382,1349,627,None,3,108,177,68
2383,1349,1428,None,3,107,189,92
2384,1349,1483,None,3,109,191,133
2385,1349,1492,None,3,100,146,72
2386,1351,235,None,3,99,85,175
2387,1352,1524,None,3,105,188,146
2388,1354,756,None,3,104,189,153
2389,1356,1516,None,3,108,169,77
2390,1357,1501,None,3,110,170,83
2391,1358,196,None,3,99,127,88
2392,1359,673,None,3,108,176,87
2393,1361,207,None,3,97,44,134
2394,1363,1494,None,3,83,152,95
2395,1364,316,None,3,103,172,142
2396,1364,754,None,3,103,172,86
2397,1366,184,None,3,102,193,173
2398,1366,243,None,3,105,170,80
2399,1367,290,None,3,100,209,191
2400,1367,1461,None,3,102,170,139
2401,1368,1472,None,3,137,65,204
2402,1371,1409,None,3,99,158,89
2403,1372,546,None,3,102,91,135
2404,1373,681,None,3,96,159,91
2405,1373,1450,None,3,99,142,141
2406,1373,1543,None,3,74,140,108
2407,1376,1519,None,3,70,113,132
2408,1377,268,None,3,108,182,89
2409,1377,670,None,3,109,171,69
2410,1377,746,None,3,109,203,136
2411,1377,1457,None,3,107,149,121
2412,1377,1914,None,3,106,165,227
2413,1379,1567,None,3,101,178,87
2414,1382,683,None,3,107,184,112
2415,1383,541,None,3,74,78,116
2416,1383,724,None,3,100,180,141
2417,1383,1412,None,3,110,177,84
2418,1386,192,None,3,105,168,77
2419,1387,702,None,3,98,172,118
2420,1387,1595,None,3,77,139,171
2421,1389,575,None,3,89,132,145
2422,1389,1211,None,3,171,68,242
2423,1390,580,None,3,103,120,110
2424,1390,949,None,3,94,128,104
2425,1391,1463,None,3,89,134,96
2426,1393,697,None,3,102,182,124
2427,1393,1417,None,3,110,175,81
2428,1394,1348,None,3,174,62,255
2429,1394,1586,None,3,87,118,93
2430,1395,587,None,3,91,130,106
2431,1395,1431,None,3,104,168,90
2432,1395,1540,None,3,94,140,104
2433,1396,724,None,3,106,198,149
2434,1398,295,None,3,90,124,255
2435,1398,1440,None,3,100,155,71
2436,1400,1603,None,3,106,178,81
2437,1402,1459,None,3,99,75,109
2438,1404,1487,None,3,115,130,111
2439,1406,1472,None,3,105,185,116
2440,1407,1479,None,3,108,180,116
2441,1409,1099,None,3,167,89,146
2442,1411,312,None,3,94,226,255
2443,1412,185,None,3,46,70,154
2444,1413,479,None,3,99,160,60
2445,1413,1542,None,3,109,171,86
2446,1413,1579,None,3,103,185,121
2447,1414,525,None,3,110,65,143
2448,1415,497,None,3,108,189,88
2449,1415,1611,None,3,109,177,71
2450,1418,508,None,3,100,178,119
2451,1421,425,None,3,140,82,153
2452,1421,1593,None,3,108,176,101
2453,1422,1500,None,3,109,168,75
2454,1422,1573,None,3,79,114,93
2455,1423,457,None,3,70,68,136
2456,1423,489,None,3,91,129,62
2457,1427,281,None,3,103,168,73
2458,1427,1452,None,3,106,181,93
2459,1430,1586,None,3,163,98,197
2460,1434,1526,None,3,105,146,121
2461,1435,473,None,3,106,165,66
2462,1435,602,None,3,109,184,106
2463,1436,1547,None,3,83,130,103
2464,1439,1558,None,3,107,163,93
2465,1440,395,None,3,91,128,174
2466,1441,439,None,3,94,152,69
2467,1442,484,None,3,104,168,76
2468,1442,495,None,3,91,168,92
2469,1443,203,None,3,98,160,86
2470,1445,431,None,3,81,150,125
2471,1445,547,None,3,97,102,164
2472,1446,255,None,3,92,112,110
2473,1446,595,None,3,91,54,191
2474,1450,276,None,3,88,81,176
2475,1451,587,None,3,105,126,80
2476,1451,1448,None,3,106,174,94
2477,1451,1460,None,3,95,142,78
2478,1452,790,None,3,109,179,74
2479,1452,1542,None,3,111,168,77
2480,1453,207,None,3,77,61,154
2481,1454,471,None,3,99,166,74
2482,1458,1566,None,3,109,183,100
2483,1464,1536,None,3,100,149,74
2484,1466,477,None,3,107,176,86
2485,1466,1447,None,3,57,52,193
2486,1466,1513,None,3,106,153,84
2487,1467,419,None,3,73,63,137
2488,1469,19,None,3,63,56,121
2489,1469,1487,None,3,105,173,111
2490,1470,107,None,3,99,165,68
2491,1471,1598,None,3,24,69,190
2492,1472,512,None,3,97,151,95
2493,1473,1634,None,3,111,177,84
2494,1474,1547,None,3,109,176,72
2495,1475,1615,None,3,111,171,82
2496,1477,76,None,3,93,155,87
2497,1477,384,None,3,102,181,145
2498,1478,391,None,3,106,179,89
2499,1478,579,None,3,98,155,75
2500,1478,1529,None,3,110,176,79
2501,1478,1558,None,3,104,173,127
2502,1481,100,None,3,101,154,62
2503,1481,1952,None,3,111,177,63
2504,1483,1523,None,3,98,150,89
2505,1483,1640,None,3,109,162,75
2506,1487,349,None,3,107,177,69
2507,1487,523,None,3,99,157,90
2508,1487,580,None,3,109,190,100
2509,1489,361,None,3,109,174,88
2510,1490,570,None,3,98,139,104
2511,1490,1535,None,3,109,177,78
2512,1490,1978,None,3,91,131,192
2513,1491,2010,None,3,107,174,75
2514,1492,1511,None,3,109,192,93
2515,1492,1647,None,3,110,172,91
2516,1493,1491,None,3,110,172,72
2517,1494,1897,None,3,109,174,73
2518,1496,376,None,3,108,179,78
2519,1497,29,None,3,113,53,156
2520,1498,226,None,3,109,182,68
2521,1499,72,None,3,93,95,73
2522,1499,1659,None,3,107,200,168
2523,1500,1584,None,3,102,155,91
2524,1501,1989,None,3,92,148,72
2525,1502,471,None,3,96,162,98
2526,1502,1633,None,3,102,167,115
2527,1502,1866,None,3,110,176,92
2528,1503,551,None,3,110,190,90
2529,1505,103,None,3,98,103,134
2530,1505,1530,None,3,108,182,72
2531,1506,1621,None,3,108,170,84
2532,1506,1882,None,3,102,117,107
2533,1506,1969,None,3,109,177,82
2534,1507,421,None,3,102,150,85
2535,1508,366,None,3,103,176,109
2536,1510,550,None,3,105,167,99
2537,1513,436,None,3,93,139,121
2538,1513,1923,None,3,102,184,124
2539,1514,125,None,3,106,171,76
2540,1515,331,None,3,79,58,133
2541,1515,1652,None,3,109,167,93
2542,1515,1858,None,3,106,169,124
2543,1516,245,None,3,89,151,61
2544,1516,1842,None,3,107,176,89
2545,1516,1938,None,3,106,182,97
2546,1517,1876,None,3,84,41,185
2547,1517,1904,None,3,21,67,216
2548,1517,2021,None,3,97,159,101
2549,1519,550,None,3,83,145,133
2550,1522,438,None,3,105,93,138
2551,1522,516,None,3,93,115,75
2552,1523,1858,None,3,109,178,97
2553,1525,1581,None,3,110,184,100
2554,1525,1627,None,3,90,123,74
2555,1526,1912,None,3,105,59,185
2556,1527,444,None,3,70,122,110
2557,1527,1246,None,3,102,104,247
2558,1529,1924,None,3,103,183,112
2559,1530,125,None,3,98,151,72
2560,1531,1854,None,3,109,171,82
2561,1532,315,None,3,82,158,78
2562,1533,485,None,3,93,130,99
2563,1533,1645,None,3,106,172,128
2564,1533,1834,None,3,97,126,109
2565,1534,325,None,3,107,170,69
2566,1535,1934,None,3,90,150,75
2567,1536,457,None,3,99,161,101
2568,1540,1899,None,3,99,149,77
2569,1541,1616,None,3,111,167,72
2570,1541,1847,None,3,108,180,100
2571,1544,303,None,3,89,129,105
2572,1544,1605,None,3,92,144,75
2573,1545,400,None,3,90,146,61
2574,1546,545,None,3,98,173,104
2575,1546,1910,None,3,109,175,88
2576,1547,1822,None,3,81,72,144
2577,1547,1866,None,3,107,178,96
2578,1547,1942,None,3,108,154,59
2579,1549,317,None,3,108,178,93
2580,1550,551,None,3,103,188,107
2581,1550,1887,None,3,105,180,129
2582,1553,2000,None,3,38,148,231
2583,1554,2002,None,3,123,104,183
2584,1555,349,None,3,97,158,73
2585,1556,519,None,3,91,159,134
2586,1558,1821,None,3,104,180,127
2587,1559,1858,None,3,109,174,81
2588,1559,1889,None,3,58,68,188
2589,1559,1922,None,3,111,175,82
2590,1559,1968,None,3,103,172,63
2591,1561,1901,None,3,106,184,164
2592,1564,503,None,3,84,79,221
2593,1564,1823,None,3,108,188,125
2594,1565,1948,None,3,107,172,77
2595,1567,332,None,3,78,93,131
2596,1568,398,None,3,110,164,67
2597,1568,1942,None,3,94,163,107
2598,1573,102,None,3,86,145,58
2599,1574,1905,None,3,109,168,104
2600,1576,1267,None,3,108,173,90
2601,1578,1839,None,3,100,161,90
2602,1579,1877,None,3,109,181,88
2603,1580,399,None,3,108,186,91
2604,1583,873,None,3,111,180,76
2605,1584,1850,None,3,111,166,97
2606,1586,366,None,3,77,50,134
2607,1586,1834,None,3,110,191,95
2608,1587,1260,None,3,98,165,107
2609,1587,1276,None,3,106,170,68
2610,1588,98,None,3,111,139,63
2611,1588,355,None,3,85,89,122
2612,1590,276,None,3,108,183,84
2613,1590,336,None,3,81,143,70
2614,1591,473,None,3,103,65,127
2615,1592,419,None,3,12,105,251
2616,1593,230,None,3,74,71,166
2617,1593,252,None,3,83,161,88
2618,1593,366,None,3,78,137,122
2619,1593,887,None,3,108,192,94
2620,1593,1852,None,3,141,147,197
2621,1595,37,None,3,85,109,134
2622,1595,81,None,3,76,52,123
2623,1595,89,None,3,19,119,154
2624,1595,487,None,3,70,81,65
2625,1595,861,None,3,108,200,148
2626,1596,66,None,3,108,161,64
2627,1597,1287,None,3,101,152,78
2628,1598,1236,None,3,104,186,122
2629,1601,845,None,3,100,158,80
2630,1602,877,None,3,94,181,130
2631,1605,1255,None,3,110,177,80
2632,1606,209,None,3,97,155,59
2633,1606,315,None,3,108,181,78
2634,1606,934,None,3,110,123,84
2635,1608,1893,None,3,107,186,119
2636,1611,834,None,3,108,182,87
2637,1611,840,None,3,97,167,129
2638,1612,1852,None,3,108,198,114
2639,1613,292,None,3,107,180,86
2640,1614,219,None,3,106,181,71
2641,1615,1913,None,3,104,83,133
2642,1616,905,None,3,110,183,95
2643,1618,371,None,3,32,99,157
2644,1620,355,None,3,144,37,156
2645,1621,826,None,3,107,170,69
2646,1621,1869,None,3,97,183,114
2647,1621,1897,None,3,100,153,99
2648,1622,1225,None,3,111,184,103
2649,1623,401,None,3,104,194,115
2650,1624,929,None,3,108,197,125
2651,1625,357,None,3,94,57,147
2652,1625,936,None,3,106,198,103
2653,1625,1908,None,3,97,117,99
2654,1629,284,None,3,97,104,126
2655,1631,27,None,3,103,168,100
2656,1631,1906,None,3,172,107,160
2657,1631,1920,None,3,98,94,135
2658,1633,40,None,3,96,169,80
2659,1633,1900,None,3,104,88,175
2660,1635,1291,None,3,102,182,158
2661,1637,199,None,3,103,103,140
2662,1637,297,None,3,106,164,73
2663,1637,398,None,3,94,156,54
2664,1637,919,None,3,111,189,115
2665,1638,1914,None,3,81,118,107
2666,1640,820,None,3,102,167,79
2667,1640,1269,None,3,103,128,70
2668,1641,1882,None,3,91,142,71
2669,1642,1933,None,3,101,163,111
2670,1643,830,None,3,101,179,130
2671,1644,587,None,3,103,174,69
2672,1644,1281,None,3,110,179,78
2673,1645,1940,None,3,35,70,179
2674,1647,936,None,3,111,186,64
2675,1648,822,None,3,100,183,120
2676,1649,417,None,3,110,173,46
2677,1651,1946,None,3,36,142,198
2678,1655,1886,None,3,89,60,163
2679,1656,913,None,3,104,188,104
2680,1656,1254,None,3,112,173,67
2681,1659,1910,None,3,94,139,64
2682,1660,1286,None,3,108,169,116
2683,1662,384,None,3,95,165,87
2684,1665,563,None,3,98,157,60
2685,1666,401,None,3,106,181,77
2686,1666,570,None,3,107,171,69
2687,1666,1290,None,3,85,31,195
2688,1667,858,None,3,91,142,165
2689,1669,1874,None,3,93,162,121
2690,1670,630,None,3,111,179,63
2691,1671,43,None,3,95,140,87
2692,1673,849,None,3,100,167,104
2693,1673,1964,None,3,139,116,147
2694,1674,1903,None,3,90,143,70
2695,1675,858,None,3,101,166,104
2696,1676,180,None,3,59,43,161
2697,1679,1236,None,3,99,152,65
2698,1680,375,None,3,97,150,54
2699,1680,891,None,3,103,182,104
2700,1680,1936,None,3,88,122,94
2701,1681,593,None,3,109,173,81
2702,1681,1886,None,3,110,173,74
2703,1682,59,None,3,104,179,86
2704,1682,356,None,3,79,68,131
2705,1682,539,None,3,107,183,94
2706,1682,1300,None,3,108,187,113
2707,1685,403,None,3,127,54,137
2708,1686,1959,None,3,94,156,114
2709,1687,1947,None,3,85,172,167
2710,1688,341,None,3,107,177,60
2711,1690,393,None,3,103,165,89
2712,1691,405,None,3,31,87,166
2713,1692,289,None,3,75,82,173
2714,1693,59,None,3,108,182,92
2715,1693,1301,None,3,94,135,100
2716,1694,1891,None,3,99,165,74
2717,1695,641,None,3,88,133,71
2718,1697,301,None,3,107,170,60
2719,1699,529,None,3,109,174,89
2720,1699,1232,None,3,27,90,199
2721,1700,1898,None,3,83,125,64
2722,1701,331,None,3,103,163,88
2723,1702,1300,None,3,104,181,119
2724,1702,1954,None,3,78,128,89
2725,1703,545,None,3,96,141,108
2726,1708,1922,None,3,82,92,186
2727,1711,621,None,3,97,166,90
2728,1711,1217,None,3,29,38,172
2729,1713,163,None,3,65,75,126
2730,1713,1950,None,3,88,141,59
2731,1717,1896,None,3,57,84,144
2732,1720,361,None,3,106,174,69
2733,1725,1240,None,3,104,194,170
2734,1726,16,None,3,107,167,74
2735,1726,521,None,3,108,185,109
2736,1729,1942,None,3,100,73,63
2737,1733,625,None,3,109,170,82
2738,1737,3,None,3,93,176,102
2739,1737,1276,None,3,107,170,79
2740,1742,1257,None,3,98,141,109
2741,1743,527,None,3,104,172,111
2742,1752,541,None,3,101,183,155
2743,1752,981,None,3,25,108,175
2744,1753,522,None,3,105,186,108
2745,1756,30,None,3,97,151,75
2746,1763,43,None,3,100,165,86
2747,1771,1,None,3,90,158,83
2748,1771,605,None,3,98,146,64
2749,1776,36,None,3,98,171,106
2750,1777,554,None,3,110,158,59
2751,1779,531,None,3,70,113,198
2752,1782,843,None,3,109,187,89
2753,1785,597,None,3,100,157,70
2754,1790,0,None,3,97,141,70
2755,1797,10,None,3,102,169,83
2756,1797,569,None,3,94,130,42
2757,1799,545,None,3,108,171,86
2758,1804,534,None,3,102,165,77
2759,1817,11,None,3,107,168,100
2760,1829,2008,None,3,161,97,43
2761,1831,635,None,3,79,150,84
2762,1863,639,None,3,108,165,48
2763,1893,52,None,3,107,124,53
2764,1923,1187,None,3,129,83,56
2765,1945,81,None,3,63,72,134
2766,1946,323,None,3,99,189,123
2767,1951,868,None,3,96,188,110
2768,1951,885,None,3,94,148,78
2769,1955,456,None,3,0,0,255
2770,1959,324,None,3,103,179,98
2771,1963,898,None,3,40,88,161
2772,1963,915,None,3,120,53,158
2773,1963,2045,None,3,92,173,144
2774,1966,865,None,3,100,173,103
2775,1968,2020,None,3,49,81,213
2776,1971,373,None,3,106,165,58
2777,1972,901,None,3,79,109,107
2778,1973,294,None,3,94,151,76
2779,1975,924,None,3,106,177,118
2780,1979,327,None,3,107,164,81
2781,1983,837,None,3,101,163,77
2782,1983,2042,None,3,148,79,85
2783,1987,189,None,3,104,150,54
2784,1989,1991,None,3,149,87,150
2785,1990,267,None,3,103,186,107
2786,1992,1984,None,3,104,168,126
2787,1993,910,None,3,82,113,128
2788,1993,931,None,3,102,83,180
2789,1997,228,None,3,99,183,120
2790,1997,2046,None,3,90,120,106
2791,1999,307,None,3,96,143,78
2792,1999,375,None,3,106,165,56
2793,1999,848,None,3,92,167,114
2794,2001,283,None,3,106,173,74
2795,2001,2026,None,3,99,155,82
2796,2007,1938,None,3,19,96,134
2797,2007,1984,None,3,97,98,79
2798,2010,834,None,3,102,176,90
2799,2011,1355,None,3,166,84,205
2800,2012,270,None,3,101,166,107
2801,2014,921,None,3,99,164,105
2802,2015,855,None,3,108,183,95
2803,2017,188,None,3,102,168,68
2804,2017,253,None,3,107,161,58
2805,2018,226,None,3,16,69,144
2806,2018,1932,None,3,89,147,90
2807,2019,895,None,3,159,91,202
2808,2021,239,None,3,74,133,173
2809,2021,2036,None,3,93,137,101
2810,2024,1093,None,3,8,78,255
2811,2024,1098,None,3,46,39,255
2812,2024,1972,None,3,105,173,94
2813,2025,2023,None,3,96,144,106
2814,2028,351,None,3,75,154,106
2815,2028,1341,None,3,107,145,64
2816,2030,298,None,3,106,184,96
2817,2033,908,None,3,97,165,113
2818,2035,289,None,3,106,158,52
2819,2035,1901,None,3,110,177,77
2820,2035,1971,None,3,92,146,136
2821,2035,1978,None,3,51,60,178
2822,2036,1950,None,3,87,135,65
2823,2037,270,None,3,110,181,68
2824,2037,1925,None,3,105,168,97
2825,2037,1932,None,3,73,132,179
2826,2038,238,None,3,101,146,65
2827,2038,331,None,3,106,176,74
2828,2038,1998,None,3,88,65,110
2829,2041,1361,None,3,113,176,57
2830,2045,903,None,3,107,179,108
2831,2045,909,None,3,95,129,125
2832,2046,31,None,3,90,99,47
2833,2046,871,None,3,142,65,68
